step,elapsed_tokens,elapsed_examples,training_loss,training_sequence_accuracy,training_token_accuracy
1,3784,8,0.3486394913576729,0.0,0.5288888888888889
2,6096,16,0.6203035994673505,0.0,0.5501285347043702
3,9304,24,0.632086337130355,0.0,0.5577439570277529
4,12576,32,0.5182615816009625,0.0,0.5644171779141104
5,16808,40,0.3675044627891998,0.0,0.5826446280991735
6,19632,48,0.6425277039333201,0.0,0.5744274809160306
7,23224,56,0.5637340012332211,0.0,0.5888529886914378
8,26624,64,0.6589542449746819,0.0,0.5099739809193409
9,30600,72,0.34219610425239594,0.0,0.5730337078651685
10,32080,80,0.640801487988616,0.0,0.5031578947368421
11,35480,88,0.46338374508571123,0.0,0.5666293393057111
12,38048,96,0.5047585863474585,0.0,0.5667107001321003
13,42280,104,0.4059542250009226,0.0,0.5334796926454446
14,44272,112,0.7170822020062668,0.0,0.5096952908587258
15,47032,120,0.5451271060512987,0.0,0.5302843016069221
16,48832,128,0.7539048295397348,0.0,0.5185714285714286
17,51208,136,0.6196646045652268,0.0,0.5356679636835279
18,53072,144,0.6933185955384112,0.0,0.5645390070921986
19,55384,152,0.5929244969330404,0.0,0.5794743429286608
20,58080,160,0.5279752984945998,0.0,0.5481120584652862
21,60200,168,0.6418381623651528,0.0,0.5356164383561643
22,64752,176,0.3869577818500863,0.0,0.5832558139534884
23,69368,184,0.47212427827755715,0.0,0.5128660159716061
24,73024,192,0.4208193923637081,0.0,0.5816216216216217
25,77064,200,0.4571362168055517,0.0,0.5722713864306784
26,80016,208,0.5525006889925698,0.0,0.5782241014799154
27,82968,216,0.5579084806806618,0.0,0.594541910331384
28,87456,224,0.4870785001266715,0.0,0.5271929824561403
29,89832,232,0.6524183066968963,0.0,0.5438388625592417
30,92208,240,0.6141876747245825,0.0,0.5967926689576174
31,94776,248,0.625246382257433,0.0,0.562363238512035
32,98176,256,0.5280103025422603,0.0,0.5948581560283688
33,101000,264,0.5321875014138642,0.0,0.5995828988529719
34,103056,272,0.6615165996845418,0.0,0.5770653514180024
35,105944,280,0.4835705076344139,0.0,0.553770086526576
36,107936,288,0.6394467189186328,0.0,0.5647887323943662
37,111272,296,0.4950077786736276,0.0,0.5793814432989691
38,114928,304,0.5006338551901609,0.0,0.5660731021555764
39,117560,312,0.5637840268828646,0.0,0.56442417331813
40,119744,320,0.7278015095402758,0.0,0.5294117647058824
41,121608,328,0.7212358481035368,0.0,0.512781954887218
42,124880,336,0.3510095786083879,0.0,0.5672782874617737
43,128408,344,0.44455839113809303,0.0,0.5885471898197243
44,135200,352,0.31195599641329325,0.0,0.5394736842105263
45,138088,360,0.6923384809086984,0.0,0.5316804407713499
46,141360,368,0.41890024757142463,0.0,0.5248041775456919
47,143864,376,0.5565386787337775,0.0,0.559610705596107
48,145920,384,0.6412303434788449,0.0,0.5315186246418339
49,150088,392,0.504390655388121,0.0,0.5787461773700305
50,154000,400,0.34160296090944947,0.0,0.5770653514180024
51,157208,408,0.5370954269350068,0.0,0.5444096133751306
52,159584,416,0.5899599624444629,0.0,0.550326797385621
53,162856,424,0.5547758141598687,0.0,0.5898148148148148
54,165616,432,0.645821132171714,0.0,0.5623800383877159
55,169016,440,0.4436277769757689,0.0,0.5644444444444444
56,174464,448,0.34195904802311816,0.0,0.598546042003231
57,176584,456,0.566296433400117,0.0,0.521671826625387
58,180304,464,0.530087224823029,0.0,0.5591872791519434
59,182168,472,0.6893832483036487,0.0,0.5209840810419681
60,187552,480,0.37249376611966534,0.0,0.5979299363057324
61,190760,488,0.40303055992594017,0.0,0.5624142661179699
62,194608,496,0.44106949232433595,0.0,0.6119673617407072
63,198776,504,0.4453698175391658,0.0,0.5961705831157529
64,202112,512,0.4347922707844486,0.0,0.579841449603624
65,205128,520,0.5104015813458463,0.0,0.588865096359743
66,208336,528,0.4923743027332636,0.0,0.566410537870472
67,211096,536,0.5809048200593531,0.0,0.5769633507853403
68,215520,544,0.4546288862010966,0.0,0.5516328331862312
69,218792,552,0.5769081116148125,0.0,0.6078925272879933
70,222896,560,0.40284552650002736,0.0,0.5738219895287958
71,226744,568,0.3711829532867339,0.0,0.575326215895611
72,230208,576,0.4331700184685888,0.0,0.6141248720573184
73,233800,584,0.6673332075182251,0.0,0.5636918382913806
74,236240,592,0.4941247112062902,0.0,0.575880758807588
75,240280,600,0.5381228465464278,0.0,0.5377932232841007
76,242336,608,0.6027992973508179,0.0,0.5949685534591195
77,245800,616,0.43628632456342725,0.0,0.5749167591564928
78,249648,624,0.5024469915176708,0.0,0.561487130600572
79,253560,632,0.42900892800245927,0.0,0.5787401574803149
80,256000,640,0.4969363325499052,0.0,0.5712290502793296
81,260424,648,0.4855226854315782,0.0,0.5155393053016454
82,263120,656,0.4320348640535644,0.0,0.5949535192563081
83,266392,664,0.4996637342835227,0.0,0.5887573964497042
84,269600,672,0.5278786460810099,0.0,0.5699693564862104
85,272936,680,0.4352135715533493,0.0,0.5156657963446475
86,275312,688,0.5449482029452998,0.0,0.55893536121673
87,277944,696,0.6878848559746079,0.0,0.5055309734513275
88,281664,704,0.4960681579297586,0.0,0.5802583025830258
89,285768,712,0.42971436293192106,0.0,0.5827876520112254
90,290256,720,0.4377697292583731,0.0,0.5862646566164154
91,293912,728,0.5564287020201787,0.0,0.5220729366602687
92,297760,736,0.44459646510851486,0.0,0.6077547339945897
93,301480,744,0.44211975699287914,0.0,0.5866141732283464
94,304304,752,0.6504368164770299,0.0,0.5120167189132706
95,307576,760,0.6278268163472949,0.0,0.5523809523809524
96,311296,768,0.4995820562887203,0.0,0.5689819219790676
97,315976,776,0.37524520168896014,0.0,0.5776105362182502
98,319440,784,0.5741971546380745,0.0,0.5913461538461539
99,321304,792,0.6720119953089557,0.0,0.5768229166666666
100,323808,800,0.5781306277824313,0.0,0.5717761557177615
101,326952,808,0.4227337481934121,0.0,0.573076923076923
102,330544,816,0.5268092015400218,0.0,0.5901639344262295
103,334840,824,0.49925749793850177,0.0,0.5387931034482759
104,336896,832,0.5316902220358826,0.0,0.5811437403400309
105,340232,840,0.5418177599931563,0.0,0.5518962075848304
106,342800,848,0.564873764084645,0.0,0.6069042316258352
107,347224,856,0.46011621323566504,0.0,0.5885714285714285
108,351072,864,0.5057674935821092,0.0,0.5895522388059702
109,353960,872,0.5621717029926259,0.0,0.5627009646302251
110,357744,880,0.4567387425938116,0.0,0.594296228150874
111,361592,888,0.4893678744504324,0.0,0.5756490599820949
112,366400,896,0.5223318473800699,0.0,0.5453885257806826
113,370056,904,0.5904985260243993,0.0,0.5492487479131887
114,373008,912,0.5227687942704449,0.0,0.6055133079847909
115,376984,920,0.5011274056247232,0.0,0.580267558528428
116,379808,928,0.5984328557592226,0.0,0.5635245901639344
117,382504,936,0.6193984667822756,0.0,0.5673913043478261
118,385520,944,0.4318621123375017,0.0,0.5377094972067039
119,387832,952,0.5567370344292504,0.0,0.5951219512195122
120,391488,960,0.5767599421629577,0.0,0.6211135213304411
121,394504,968,0.5282184089425066,0.0,0.5758241758241758
122,397648,976,0.5968485313170181,0.0,0.5275754422476587
123,401560,984,0.440703499618485,0.0,0.5770750988142292
124,405408,992,0.44622035691620393,0.0,0.6289361702127659
125,407656,1000,0.4769621168001125,0.0,0.6129518072289156
126,410992,1008,0.4016867109573155,0.0,0.6175824175824176
127,415352,1016,0.44496375858546955,0.0,0.5801928133216476
128,419328,1024,0.44930680787472776,0.0,0.5689176688251619
129,421256,1032,0.6130766812525031,0.0,0.5980528511821975
130,424464,1040,0.4357719211557564,0.0,0.6056955093099672
131,427608,1048,0.5716731641719556,0.0,0.5528134254689042
132,431136,1056,0.44230252205740356,0.0,0.5855758880516685
133,433512,1064,0.5794930099916256,0.0,0.5881642512077294
134,435824,1072,0.5484959048615216,0.0,0.5622377622377622
135,438520,1080,0.4687629390663033,0.0,0.5523012552301255
136,441856,1088,0.43471786663164297,0.0,0.5736526946107784
137,445256,1096,0.4497143865624173,0.0,0.5933701657458563
138,448848,1104,0.5635338937941735,0.0,0.602952602952603
139,451416,1112,0.5045923509432205,0.0,0.5748129675810474
140,454240,1120,0.4348132628820867,0.0,0.5898491083676269
141,457064,1128,0.4967041081922453,0.0,0.6190476190476191
142,461744,1136,0.3931773647690739,0.0,0.5951178451178452
143,464824,1144,0.4997729291661234,0.0,0.5781584582441114
144,467840,1152,0.6633968789629077,0.0,0.5843935538592027
145,471624,1160,0.5300811582131644,0.0,0.5205607476635514
146,474192,1168,0.5672983707123097,0.0,0.5806451612903226
147,477784,1176,0.5585858062392182,0.0,0.561864406779661
148,481184,1184,0.4715773525816055,0.0,0.6215962441314554
149,483944,1192,0.6828056481499537,0.0,0.5637707948243993
150,486896,1200,0.5474212752607243,0.0,0.5824742268041238
151,489400,1208,0.6008126583915061,0.0,0.6108647450110865
152,493056,1216,0.6612167631630566,0.0,0.5424492862509391
153,495560,1224,0.4969458359456356,0.0,0.590728476821192
154,498448,1232,0.6550102856452845,0.0,0.5554493307839388
155,501848,1240,0.42586007764054234,0.0,0.5412960609911055
156,504416,1248,0.5551519120702217,0.0,0.5959271168274384
157,507752,1256,0.49343073769140133,0.0,0.5762004175365344
158,510256,1264,0.6459005721445794,0.0,0.5287356321839081
159,513528,1272,0.5144039428456476,0.0,0.5982905982905983
160,515648,1280,0.43881273901086476,0.0,0.5615384615384615
161,519112,1288,0.39891617707074517,0.0,0.5797101449275363
162,522256,1296,0.47991980330167366,0.0,0.5763440860215053
163,525080,1304,0.4782085873561304,0.0,0.5657216494845361
164,528544,1312,0.579863025687114,0.0,0.5777777777777777
165,533288,1320,0.38977259454750507,0.0,0.6017391304347826
166,535920,1328,0.49064447233383696,0.0,0.636466591166478
167,539576,1336,0.4006488457139554,0.0,0.590347923681257
168,542016,1344,0.5575846273522053,0.0,0.497841726618705
169,545544,1352,0.5305250349457431,0.0,0.5261083743842364
170,548752,1360,0.4777694139319148,0.0,0.6050251256281407
171,552408,1368,0.5680358387989154,0.0,0.5624489795918367
172,556064,1376,0.49393952618522113,0.0,0.5917808219178082
173,558440,1384,0.5541135099456297,0.0,0.6136631330977621
174,561008,1392,0.5606068354055778,0.0,0.61211477151966
175,564664,1400,0.4898375260401021,0.0,0.5934163701067615
176,568000,1408,0.44118829261998893,0.0,0.5634638196915777
177,571272,1416,0.5009906639414543,0.0,0.594758064516129
178,574800,1424,0.4068323934363367,0.0,0.5841121495327103
179,577048,1432,0.6410302749365612,0.0,0.5940919037199125
180,579296,1440,0.6220412879463729,0.0,0.591187270501836
181,581992,1448,0.4362260207308128,0.0,0.5819209039548022
182,584176,1456,0.7122837138711341,0.0,0.5893769152196119
183,587512,1464,0.6093734646688751,0.0,0.5709401709401709
184,590528,1472,0.529116059631057,0.0,0.5550510783200908
185,593096,1480,0.5000414878600183,0.0,0.5790849673202615
186,595856,1488,0.5484642410793766,0.0,0.5783540022547914
187,598936,1496,0.4464415808448769,0.0,0.5407503234152652
188,604256,1504,0.40109773341506055,0.0,0.5709677419354838
189,607464,1512,0.5405012093281943,0.0,0.5739644970414202
190,610544,1520,0.642687021402751,0.0,0.5484460694698354
191,613752,1528,0.47887194234818364,0.0,0.5826180257510729
192,616064,1536,0.44860596217615867,0.0,0.5775577557755776
193,620232,1544,0.46708516994724886,0.0,0.6095008051529791
194,623632,1552,0.5286921143096255,0.0,0.5797922568460812
195,627288,1560,0.5746329322123267,0.0,0.5980167810831426
196,628896,1568,0.598194100952892,0.0,0.6203554119547657
197,632168,1576,0.5287627810105503,0.0,0.5769603097773476
198,634864,1584,0.5526409991766635,0.0,0.5665137614678899
199,638392,1592,0.4832746210731168,0.0,0.6195255474452555
200,641536,1600,0.4841710417073036,0.0,0.5655253837072018
201,643720,1608,0.5674074357761774,0.0,0.6044864226682408
202,647440,1616,0.4385523286408196,0.0,0.5727748691099477
203,650008,1624,0.4653121317918799,0.0,0.6429433051869723
204,651936,1632,0.6204087883534561,0.0,0.5716292134831461
205,655784,1640,0.4416285989367264,0.0,0.5956284153005464
206,657968,1648,0.5786906431600797,0.0,0.5327635327635327
207,662008,1656,0.44065543354787806,0.0,0.5714285714285714
208,665024,1664,0.525664293759274,0.0,0.5628415300546448
209,667656,1672,0.7208009220167815,0.0,0.5451950523311132
210,669712,1680,0.5388306491475633,0.0,0.6016949152542372
211,672984,1688,0.5114360719896004,0.0,0.5753968253968254
212,675552,1696,0.47995361309291573,0.0,0.6057571964956195
213,679272,1704,0.4862758040363173,0.0,0.5804967801287948
214,683120,1712,0.44483829586262724,0.0,0.5492813141683778
215,686904,1720,0.3823881331492558,0.0,0.6268343815513627
216,689216,1728,0.5698406508150865,0.0,0.5992555831265509
217,692424,1736,0.5216955342562062,0.0,0.6145552560646901
218,696272,1744,0.44591372566477516,0.0,0.5705824284304047
219,698712,1752,0.6130979734267976,0.0,0.5336597307221542
220,701920,1760,0.5567457223978296,0.0,0.5506958250497018
221,705320,1768,0.47920532476161976,0.0,0.6159068865179438
222,707824,1776,0.5477726873102405,0.0,0.5772058823529411
223,710264,1784,0.41033198215662275,0.0,0.6242603550295858
224,714432,1792,0.5005071732310613,0.0,0.5789895749799518
225,718536,1800,0.4230550260525381,0.0,0.607970342910102
226,723984,1808,0.31582910894383304,0.0,0.5408678102926338
227,726104,1816,0.5696705737037189,0.0,0.5617647058823529
228,729184,1824,0.49890858029129187,0.0,0.5688282138794084
229,732392,1832,0.560944249843303,0.0,0.5812441968430826
230,736688,1840,0.4367450291475899,0.0,0.528
231,739000,1848,0.5624080354643758,0.0,0.5803108808290155
232,741312,1856,0.4876550486461297,0.0,0.6083815028901735
233,744328,1864,0.41381255827099855,0.0,0.5856573705179283
234,749648,1872,0.40933818210240264,0.0,0.5849772382397572
235,756504,1880,0.29061772808665653,0.0,0.5889164598842018
236,759648,1888,0.5614493583986067,0.0,0.5640243902439024
237,763560,1896,0.4239425702974495,0.0,0.6067101584342963
238,766832,1904,0.5633511882337374,0.0,0.5731046931407943
239,769976,1912,0.40967192753907394,0.0,0.6024096385542169
240,772992,1920,0.5239424946365132,0.0,0.5631929046563193
241,775624,1928,0.44546625260174766,0.0,0.6112600536193029
242,777872,1936,0.4283141231105081,0.0,0.6132075471698113
243,781016,1944,0.4883686471274561,0.0,0.5630733944954128
244,783776,1952,0.5162908611500724,0.0,0.5692124105011933
245,786920,1960,0.5383097052166814,0.0,0.5575575575575575
246,789488,1968,0.5429579627506655,0.0,0.5842293906810035
247,792888,1976,0.4336182186746211,0.0,0.562358276643991
248,797120,1984,0.36794349771453266,0.0,0.5945121951219512
249,798984,1992,0.6080356047798774,0.0,0.5309446254071661
250,802000,2000,0.49129282362296683,0.0,0.5720930232558139
251,804888,2008,0.4668539941659081,0.0,0.5980746089049338
252,808288,2016,0.4325633642263176,0.0,0.6214859437751004
253,812648,2024,0.3639786273037121,0.0,0.5831556503198294
254,815856,2032,0.5582319979367025,0.0,0.5912007332722273
255,818680,2040,0.3944095153098528,0.0,0.6016830294530154
256,821568,2048,0.5409912065883464,0.0,0.6066252587991718
257,825032,2056,0.4390396799023779,0.0,0.6146341463414634
258,827408,2064,0.503162823653187,0.0,0.5947802197802198
259,832280,2072,0.36693876027151484,0.0,0.608355091383812
260,834784,2080,0.4443186796033696,0.0,0.6045883940620783
261,837352,2088,0.5328889699221687,0.0,0.6214039125431531
262,839536,2096,0.6639889593460404,0.0,0.5623529411764706
263,844472,2104,0.37419654021112636,0.0,0.5772058823529411
264,846400,2112,0.5566458333507317,0.0,0.5641838351822503
265,851208,2120,0.4496155248643911,0.0,0.6057553956834533
266,855952,2128,0.38709546048322085,0.0,0.5480116391852571
267,859032,2136,0.5893485883661049,0.0,0.599644128113879
268,861344,2144,0.5252250445150536,0.0,0.6154822335025381
269,863848,2152,0.4543916340113742,0.0,0.6471321695760599
270,866352,2160,0.6037533548657914,0.0,0.5481997677119629
271,868344,2168,0.644340824136465,0.0,0.6039119804400978
272,871168,2176,0.5580322836547265,0.0,0.5589569160997733
273,874504,2184,0.48566710225255716,0.0,0.5893574297188755
274,876624,2192,0.5430734285859145,0.0,0.6298701298701299
275,879576,2200,0.41396072673896417,0.0,0.5916442048517521
276,882080,2208,0.5674321126668423,0.0,0.5894736842105263
277,885032,2216,0.48977789432521535,0.0,0.6112886048988285
278,889712,2224,0.35403622725253986,0.0,0.6310063463281959
279,893944,2232,0.3931167439824316,0.0,0.5865191146881288
280,896384,2240,0.6235018583768571,0.0,0.5924276169265034
281,898824,2248,0.547798971954413,0.0,0.6361702127659574
282,903440,2256,0.4374024727794831,0.0,0.5498220640569395
283,906328,2264,0.4109444867883304,0.0,0.5916666666666667
284,908960,2272,0.39588498023135155,0.0,0.6005917159763313
285,912104,2280,0.5394677354305698,0.0,0.6005665722379604
286,915248,2288,0.4585521235604179,0.0,0.5891203703703703
287,917880,2296,0.5787167031357512,0.0,0.5991332611050921
288,919744,2304,0.7009589120875694,0.0,0.5560053981106613
289,923272,2312,0.4084041812689701,0.0,0.5880398671096345
290,926800,2320,0.5904431080542946,0.0,0.580906148867314
291,929432,2328,0.5203473984362209,0.0,0.56875
292,934048,2336,0.39907386203772244,0.0,0.5638095238095238
293,938472,2344,0.4676314947308166,0.0,0.580115036976171
294,942384,2352,0.3679342603376028,0.0,0.6149068322981367
295,944952,2360,0.5791764219758627,0.0,0.6094929881337648
296,947968,2368,0.547453694134225,0.0,0.5791106514994829
297,950984,2376,0.4876958765891568,0.0,0.5474452554744526
298,955920,2384,0.27918756181218296,0.0,0.5532994923857868
299,959384,2392,0.4250877796517403,0.0,0.6002098635886673
300,964000,2400,0.39818483310095876,0.0,0.5900452488687783
301,967528,2408,0.3984727411240969,0.0,0.5764139590854392
302,971568,2416,0.42021717079956383,0.0,0.5759368836291914
303,976056,2424,0.3184819312320631,0.0,0.6094276094276094
304,979520,2432,0.6043749968606447,0.0,0.5762170790103751
305,981256,2440,0.6379745594033723,0.0,0.5535444947209653
306,984144,2448,0.38370533079848385,0.0,0.5838235294117647
307,987864,2456,0.4549642763861456,0.0,0.5709969788519638
308,991072,2464,0.6241587019617817,0.0,0.5744147157190636
309,994664,2472,0.44096434141280355,0.0,0.623574144486692
310,998512,2480,0.4094443618933746,0.0,0.6031589338598223
311,1002552,2488,0.43750559357686425,0.0,0.5955678670360111
312,1005120,2496,0.5318289489388739,0.0,0.6028537455410226
313,1007816,2504,0.5315501722752936,0.0,0.5993031358885017
314,1010000,2512,0.4699982738574979,0.0,0.5852187028657617
315,1017432,2520,0.27910666442068127,0.0,0.5978835978835979
316,1021920,2528,0.3625074667888779,0.0,0.6212962962962963
317,1024936,2536,0.44994473479337854,0.0,0.6041426927502876
318,1026992,2544,0.6193878706845009,0.0,0.5525568181818182
319,1029880,2552,0.5365093927036889,0.0,0.5919421487603306
320,1032384,2560,0.5703245850302269,0.0,0.5297225891677675
321,1035720,2568,0.4553988537472087,0.0,0.5530660377358491
322,1040848,2576,0.36435881581268154,0.0,0.6236989591673339
323,1042648,2584,0.6129397199762947,0.0,0.6105263157894737
324,1046112,2592,0.5624288651819948,0.0,0.5740432612312812
325,1049512,2600,0.5798686331018732,0.0,0.5744322960470984
326,1052336,2608,0.5817874907190558,0.0,0.567741935483871
327,1054136,2616,0.665200491861352,0.0,0.5505952380952381
328,1057280,2624,0.47472796536348016,0.0,0.5572792362768496
329,1061640,2632,0.38198883890214264,0.0,0.6233303650934996
330,1066832,2640,0.32748602327262216,0.0,0.6001890359168242
331,1070296,2648,0.5155100077221928,0.0,0.5793499043977055
332,1072480,2656,0.5105361456731247,0.0,0.5746951219512195
333,1075432,2664,0.6181555101349864,0.0,0.5893675527039414
334,1077616,2672,0.5167687317733061,0.0,0.650375939849624
335,1080632,2680,0.48896679331433623,0.0,0.6101694915254238
336,1085504,2688,0.3040758608586141,0.0,0.6164102564102564
337,1087816,2696,0.5288140737190593,0.0,0.5757978723404256
338,1089616,2704,0.6870369922515129,0.0,0.5849056603773585
339,1093336,2712,0.29689336941178046,0.0,0.6246819338422391
340,1095520,2720,0.4940302044618036,0.0,0.5361842105263158
341,1097832,2728,0.5764556201754041,0.0,0.5716064757160647
342,1101488,2736,0.6221906312525127,0.0,0.5363489499192245
343,1106872,2744,0.35378366661582733,0.0,0.5710681244743482
344,1110016,2752,0.5992775031348783,0.0,0.6011560693641619
345,1113032,2760,0.4360051636524769,0.0,0.5863354037267081
346,1115664,2768,0.5628056185022702,0.0,0.562429696287964
347,1118040,2776,0.4675234605976747,0.0,0.5752212389380531
348,1120544,2784,0.5318702980657559,0.0,0.6106696935300795
349,1123112,2792,0.6503763646962043,0.0,0.5421558164354322
350,1126896,2800,0.5313612365816339,0.0,0.5982357658380112
351,1129784,2808,0.5749693444787839,0.0,0.5456453305351522
352,1133120,2816,0.3818114623668269,0.0,0.6377952755905512
353,1136136,2824,0.5629262563435374,0.0,0.6187050359712231
354,1138256,2832,0.6123969236555281,0.0,0.5708609271523178
355,1140696,2840,0.5714248101902208,0.0,0.5849514563106796
356,1144416,2848,0.4357430039846697,0.0,0.6023506366307542
357,1148136,2856,0.4403826461630437,0.0,0.571875
358,1150256,2864,0.6689534790889753,0.0,0.5046979865771812
359,1152632,2872,0.5148924887952502,0.0,0.6020278833967047
360,1155136,2880,0.53739045883333,0.0,0.6
361,1160456,2888,0.32290718627553544,0.0,0.6248896734333628
362,1163536,2896,0.5121949303520759,0.0,0.5208581644815257
363,1166232,2904,0.5347985460363274,0.0,0.5869311551925321
364,1169568,2912,0.5435642198530548,0.0,0.5783242258652095
365,1172904,2920,0.4569226870563986,0.0,0.6122448979591837
366,1176176,2928,0.47008889074734184,0.0,0.6037151702786377
367,1178488,2936,0.6093917697215916,0.0,0.6190998902305159
368,1181312,2944,0.5188848821511336,0.0,0.5578313253012048
369,1183880,2952,0.5552178255995873,0.0,0.5841013824884793
370,1186768,2960,0.43962382036927417,0.0,0.6310223266745005
371,1189208,2968,0.6059657958137276,0.0,0.555688622754491
372,1192288,2976,0.46196856538832987,0.0,0.5453474676089517
373,1195432,2984,0.5272033406222497,0.0,0.5747126436781609
374,1198000,2992,0.5658941970588869,0.0,0.5594660194174758
375,1202360,3000,0.44531670768047915,0.0,0.5921926910299004
376,1205376,3008,0.46681480775241113,0.0,0.5862857142857143
377,1208456,3016,0.5081223290782999,0.0,0.5812053115423902
378,1211216,3024,0.4395547021580929,0.0,0.6204819277108434
379,1214104,3032,0.49467049195941953,0.0,0.5763313609467455
380,1216544,3040,0.598109432453635,0.0,0.5461077844311377
381,1220328,3048,0.37959157897731777,0.0,0.5559796437659033
382,1223152,3056,0.5523111830731063,0.0,0.569593147751606
383,1226424,3064,0.4789869044497104,0.0,0.5719026548672567
384,1229824,3072,0.4343837171091648,0.0,0.5404101326899879
385,1233608,3080,0.47736655041430304,0.0,0.5854108956602031
386,1236816,3088,0.5258240394270096,0.0,0.6229946524064172
387,1239768,3096,0.6863030185250755,0.0,0.5675675675675675
388,1242400,3104,0.4571698695647917,0.0,0.6259541984732825
389,1246312,3112,0.5283458965416572,0.0,0.6182481751824818
390,1248304,3120,0.6209856269125021,0.0,0.6041666666666666
391,1251384,3128,0.3731518117220725,0.0,0.5945945945945946
392,1253632,3136,0.5696675573403378,0.0,0.6027918781725888
393,1256584,3144,0.5142208406248416,0.0,0.5777027027027027
394,1260176,3152,0.4262202105281269,0.0,0.6028513238289206
395,1262872,3160,0.5750123578637277,0.0,0.583778014941302
396,1266336,3168,0.37611176623967896,0.0,0.5933412604042806
397,1268456,3176,0.674308914952675,0.0,0.553421368547419
398,1271728,3184,0.46646850503379955,0.0,0.6346899224806202
399,1274360,3192,0.4465184188739367,0.0,0.6057692307692307
400,1276992,3200,0.6665736960047833,0.0,0.5575575575575575
401,1281352,3208,0.43642286255441337,0.0,0.5574977000919963
402,1285008,3216,0.3621488659443818,0.0,0.5324137931034483
403,1286488,3224,0.6236865904941279,0.0,0.5690909090909091
404,1289056,3232,0.5565878396460595,0.0,0.6120218579234973
405,1293288,3240,0.4491485342293536,0.0,0.5888985255854293
406,1295600,3248,0.6013148080574401,0.0,0.5690672963400236
407,1299128,3256,0.4236121815755397,0.0,0.6052083333333333
408,1302272,3264,0.4106947887902704,0.0,0.6352128883774454
409,1303816,3272,0.5494386361141591,0.0,0.601063829787234
410,1306256,3280,0.43784605872822857,0.0,0.6058495821727019
411,1308888,3288,0.6658728517515926,0.0,0.5896686159844055
412,1311328,3296,0.5578737860524728,0.0,0.5389876880984952
413,1313640,3304,0.5327595144803422,0.0,0.6180904522613065
414,1317296,3312,0.5263230542615017,0.0,0.5736704446381866
415,1321656,3320,0.43978238594282815,0.0,0.5565134099616859
416,1324416,3328,0.5034028744609765,0.0,0.5930372148859544
417,1327752,3336,0.4359474239915612,0.0,0.5855039637599094
418,1330384,3344,0.4627271683857507,0.0,0.6345238095238095
419,1334552,3352,0.32224117293956644,0.0,0.6093567251461989
420,1337056,3360,0.5305496367013496,0.0,0.6119951040391677
421,1339176,3368,0.49524861220626254,0.0,0.593607305936073
422,1342320,3376,0.38511235149973905,0.0,0.5963777490297542
423,1345208,3384,0.4689062543819938,0.0,0.5663600525624178
424,1347648,3392,0.6114297714749268,0.0,0.5719139297848245
425,1350792,3400,0.3839636276832204,0.0,0.5608011444921316
426,1354384,3408,0.5151902395773541,0.0,0.5485110470701249
427,1358168,3416,0.47856417841973975,0.0,0.5822898032200358
428,1361824,3424,0.44828898188180927,0.0,0.5910418695228822
429,1364392,3432,0.6346848881475464,0.0,0.5965270684371808
430,1367536,3440,0.47461158090479877,0.0,0.5785219399538106
431,1370424,3448,0.3879727625979647,0.0,0.5947802197802198
432,1374144,3456,0.4068392062094554,0.0,0.615
433,1376200,3464,0.5451152700825276,0.0,0.6236842105263158
434,1380176,3472,0.42561039064854506,0.0,0.611365719523373
435,1384408,3480,0.42856332239716743,0.0,0.582302568981922
436,1386784,3488,0.3466177305155449,0.0,0.5831702544031311
437,1389928,3496,0.46871326666976715,0.0,0.6264940239043825
438,1392112,3504,0.5557388494779688,0.0,0.5827814569536424
439,1394680,3512,0.4997614563675737,0.0,0.595448798988622
440,1397376,3520,0.52002329525183,0.0,0.6095965103598692
441,1400200,3528,0.5123259756015259,0.0,0.572737686139748
442,1403664,3536,0.38640734256785647,0.0,0.5865504358655044
443,1410264,3544,0.2672625391607125,0.0,0.5974842767295597
444,1412832,3552,0.5020939784253831,0.0,0.5891276864728192
445,1415528,3560,0.5059136370129694,0.0,0.6155606407322655
446,1419184,3568,0.4946657135753635,0.0,0.6281847133757962
447,1423032,3576,0.4909301504720104,0.0,0.6066775244299675
448,1426432,3584,0.4882340822013294,0.0,0.5946745562130178
449,1429896,3592,0.40004077947376365,0.0,0.558109833971903
450,1433936,3600,0.3961923660076557,0.0,0.5770423991726991
451,1436952,3608,0.41212469976111454,0.0,0.6010430247718384
452,1439840,3616,0.6393010541339544,0.0,0.59846547314578
453,1443752,3624,0.4483217903572644,0.0,0.5961887477313974
454,1446576,3632,0.41909711418108936,0.0,0.6333333333333333
455,1449464,3640,0.5721674888485663,0.0,0.5433070866141733
456,1451648,3648,0.6101125387246854,0.0,0.5785627283800243
457,1454088,3656,0.5009243010050766,0.0,0.6413551401869159
458,1456592,3664,0.6365705885461804,0.0,0.5654627539503386
459,1460632,3672,0.4232591185599687,0.0,0.5820158102766798
460,1462944,3680,0.510172621978531,0.0,0.5948158253751705
461,1466344,3688,0.4589099019797125,0.0,0.6189573459715639
462,1470320,3696,0.37548232141884563,0.0,0.6534839924670434
463,1472632,3704,0.5248995041887512,0.0,0.5864553314121037
464,1475008,3712,0.5206067985793783,0.0,0.6044678055190539
465,1477512,3720,0.5754488339028818,0.0,0.5656441717791411
466,1480336,3728,0.5703526675900776,0.0,0.5809426229508197
467,1483288,3736,0.5868861747370352,0.0,0.5726915520628684
468,1487584,3744,0.36990697810373196,0.0,0.6059730250481695
469,1491688,3752,0.4813104756707235,0.0,0.6040100250626567
470,1495664,3760,0.3682735873473013,0.0,0.5882352941176471
471,1498232,3768,0.5333845471089512,0.0,0.5843091334894613
472,1500736,3776,0.5474416564961704,0.0,0.60250569476082
473,1503688,3784,0.3976331156445529,0.0,0.6214470284237726
474,1507408,3792,0.44186479149850955,0.0,0.5466666666666666
475,1509976,3800,0.6251065803653627,0.0,0.582983193277311
476,1513824,3808,0.41783111772518355,0.0,0.592901878914405
477,1517416,3816,0.4399762693602585,0.0,0.5680166147455867
478,1522608,3824,0.4255747476444114,0.0,0.6026200873362445
479,1525304,3832,0.5513172642488298,0.0,0.5993820803295572
480,1528256,3840,0.4787501399561845,0.0,0.5866983372921615
481,1532168,3848,0.373294833837885,0.0,0.6340755082284608
482,1535888,3856,0.3688126413980385,0.0,0.5712545676004872
483,1538264,3864,0.41884080060727463,0.0,0.5996860282574569
484,1543904,3872,0.3008538180047155,0.0,0.6185022026431718
485,1548392,3880,0.42144425878920044,0.0,0.5975103734439834
486,1551920,3888,0.35037465415617586,0.0,0.5777777777777777
487,1556088,3896,0.37954711476495656,0.0,0.596
488,1558784,3904,0.47643413933211387,0.0,0.5526675786593708
489,1561672,3912,0.4647535892320873,0.0,0.595873786407767
490,1565648,3920,0.39936808457857076,0.0,0.595166163141994
491,1567640,3928,0.5802416672824439,0.0,0.6140350877192983
492,1571104,3936,0.5148217854386432,0.0,0.6151172893136403
493,1573864,3944,0.39489408538628007,0.0,0.6210235131396957
494,1576432,3952,0.4690197340454404,0.0,0.6070460704607046
495,1579384,3960,0.45310567923320516,0.0,0.616
496,1582080,3968,0.5603413487665273,0.0,0.6164658634538153
497,1584712,3976,0.5578189861421406,0.0,0.5730858468677494
498,1587792,3984,0.48047728774408793,0.0,0.5666666666666667
499,1591896,3992,0.3865754329101791,0.0,0.5619469026548672
500,1594656,4000,0.4172715612604533,0.0,0.6204663212435233
501,1596904,4008,0.5797892894575065,0.0,0.616800920598389
502,1600496,4016,0.4035895409954074,0.0,0.6161504424778761
503,1603256,4024,0.5262126106205934,0.0,0.6160337552742616
504,1606528,4032,0.5072459479984502,0.0,0.6084452975047985
505,1609480,4040,0.5005666770784655,0.0,0.5739030023094688
506,1612368,4048,0.5587070330555886,0.0,0.5440528634361234
507,1614936,4056,0.5563068830423236,0.0,0.5705882352941176
508,1617440,4064,0.5109159279894109,0.0,0.6009557945041816
509,1619432,4072,0.5717599913333663,0.0,0.6048502139800286
510,1622128,4080,0.59650234171606,0.0,0.5685483870967742
511,1623992,4088,0.5101131610468935,0.0,0.5771230502599654
512,1627200,4096,0.397933676247664,0.0,0.5940224159402242
513,1631624,4104,0.46340272402666444,0.0,0.5862884160756501
514,1635216,4112,0.4499788458903562,0.0,0.5708376421923474
515,1638680,4120,0.5581525923052073,0.0,0.5896346644010195
516,1641632,4128,0.40490447452328093,0.0,0.6079691516709511
517,1644200,4136,0.5797502877489092,0.0,0.5957219251336898
518,1646704,4144,0.5747984426134038,0.0,0.5794813979706878
519,1649336,4152,0.5517566339309956,0.0,0.567342073897497
520,1652992,4160,0.49852741100942355,0.0,0.6029411764705882
521,1656264,4168,0.5218376891242209,0.0,0.5553299492385787
522,1659344,4176,0.4659097448105089,0.0,0.5637910085054678
523,1661848,4184,0.545918950452503,0.0,0.6416837782340863
524,1665760,4192,0.3153625700765656,0.0,0.5731382978723404
525,1668776,4200,0.556806166191088,0.0,0.5778894472361809
526,1672496,4208,0.29563525269715857,0.0,0.5734824281150159
527,1674936,4216,0.5347144108491986,0.0,0.5878787878787879
528,1678528,4224,0.589471591479418,0.0,0.5772292993630573
529,1681800,4232,0.4526008894019681,0.0,0.6128016789087093
530,1685200,4240,0.4552590556467777,0.0,0.581798483206934
531,1687960,4248,0.5237405216612747,0.0,0.5807560137457045
532,1691680,4256,0.4963121323495232,0.0,0.5505293551491819
533,1694824,4264,0.4307233217145281,0.0,0.6
534,1697840,4272,0.5251577466898799,0.0,0.6230314960629921
535,1700280,4280,0.7132803730899995,0.0,0.5862745098039216
536,1705216,4288,0.4111368529802069,0.0,0.5972434915773354
537,1708552,4296,0.5056896304928288,0.0,0.5888223552894212
538,1711568,4304,0.43591199957433596,0.0,0.5970695970695971
539,1714456,4312,0.4701634510961478,0.0,0.6065573770491803
540,1717664,4320,0.4912693538888061,0.0,0.6077294685990338
541,1720104,4328,0.5101550813449406,0.0,0.5543964232488823
542,1722864,4336,0.45769122303231113,0.0,0.5729303547963206
543,1726008,4344,0.6540513597337007,0.0,0.5852498017446471
544,1728576,4352,0.5468430171491712,0.0,0.5834305717619603
545,1731528,4360,0.5104622961073686,0.0,0.6126984126984127
546,1735504,4368,0.4449619841492477,0.0,0.618693134822167
547,1738584,4376,0.31217265765080676,0.0,0.619482496194825
548,1742112,4384,0.571652090083405,0.0,0.5495726495726496
549,1746984,4392,0.3258890447675618,0.0,0.5774499473129611
550,1749872,4400,0.5328101560792238,0.0,0.6118226600985222
551,1753144,4408,0.44138247974687833,0.0,0.5773672055427251
552,1756864,4416,0.41399077759137975,0.0,0.6181818181818182
553,1763080,4424,0.35250681393944955,0.0,0.5848179705654531
554,1767184,4432,0.4000158549546001,0.0,0.583011583011583
555,1770328,4440,0.49060398995860405,0.0,0.6144455747711088
556,1776544,4448,0.2772371516259954,0.0,0.6070110701107011
557,1780648,4456,0.4022182947496354,0.0,0.5842155919153031
558,1783536,4464,0.6936136005478558,0.0,0.5858921161825726
559,1786232,4472,0.5903277919667718,0.0,0.5395763656633222
560,1790656,4480,0.35752844000731626,0.0,0.5660980810234542
561,1793800,4488,0.47220466251010745,0.0,0.5941375422773394
562,1796368,4496,0.40922858357391273,0.0,0.6739409499358151
563,1799896,4504,0.645465123065979,0.0,0.5897615708274895
564,1802656,4512,0.6484356789561098,0.0,0.5578034682080925
565,1807528,4520,0.34982952840917103,0.0,0.6011288805268109
566,1810992,4528,0.5860396884906479,0.0,0.6117381489841986
567,1813752,4536,0.5118856195324023,0.0,0.5676004872107187
568,1817216,4544,0.4278620943724493,0.0,0.6122026887280249
569,1820168,4552,0.5407222104025646,0.0,0.6129943502824858
570,1823312,4560,0.476065664002769,0.0,0.5843714609286523
571,1826712,4568,0.3432415972604293,0.0,0.6365824308062575
572,1829600,4576,0.4679596357178962,0.0,0.580335731414868
573,1832808,4584,0.45023480086445994,0.0,0.6118012422360248
574,1835760,4592,0.4894071352886873,0.0,0.6004319654427646
575,1838584,4600,0.4330458065883916,0.0,0.5844327176781002
576,1841344,4608,0.4428795619025144,0.0,0.6231707317073171
577,1845064,4616,0.4290182304047485,0.0,0.5601300108342362
578,1847824,4624,0.5176119374916406,0.0,0.6317991631799164
579,1850456,4632,0.5207210460192547,0.0,0.5972222222222222
580,1852576,4640,0.6004211720592345,0.0,0.5716180371352785
581,1855720,4648,0.3721887987985984,0.0,0.584931506849315
582,1859120,4656,0.43533925026674797,0.0,0.6211055276381909
583,1861944,4664,0.4430272054585043,0.0,0.6195121951219512
584,1864832,4672,0.36412057551098087,0.0,0.6434010152284264
585,1868296,4680,0.4228979464440866,0.0,0.5608899297423887
586,1871824,4688,0.4409262113146424,0.0,0.5884115884115884
587,1874136,4696,0.6657406304303879,0.0,0.5285714285714286
588,1876640,4704,0.6159051380986857,0.0,0.5706521739130435
589,1880040,4712,0.6054571794662154,0.0,0.6120058565153733
590,1882992,4720,0.5098074597508192,0.0,0.5831485587583148
591,1886584,4728,0.5813174405491893,0.0,0.5432733504712939
592,1889408,4736,0.5467269905204191,0.0,0.5985552115583075
593,1890888,4744,0.6758358795292067,0.0,0.5924170616113744
594,1897104,4752,0.30195052112874166,0.0,0.5869380831212893
595,1901144,4760,0.4623843468558024,0.0,0.5695732838589982
596,1904800,4768,0.33339964517781706,0.0,0.6081946222791293
597,1908008,4776,0.6126502629215618,0.0,0.5826235093696763
598,1912240,4784,0.487695210913019,0.0,0.599687255668491
599,1915896,4792,0.44566805073826116,0.0,0.599803343166175
600,1920640,4800,0.38523982637265247,0.0,0.5510805500982319
601,1922888,4808,0.5777116087243216,0.0,0.6017156862745098
602,1925392,4816,0.5999955629180919,0.0,0.5848017621145375
603,1930776,4824,0.35807423847652653,0.0,0.5627864344637947
604,1934304,4832,0.33489933586447834,0.0,0.6242274412855378
605,1937704,4840,0.4261153475151017,0.0,0.6500508646998983
606,1940400,4848,0.4281144354309635,0.0,0.6164199192462988
607,1943096,4856,0.5607027584656457,0.0,0.5965665236051502
608,1946112,4864,0.4603894016620436,0.0,0.6139240506329114
609,1949192,4872,0.6429476618609183,0.0,0.5632393084622384
610,1952016,4880,0.5383390276720905,0.0,0.5675368898978433
611,1954968,4888,0.4683798177690903,0.0,0.5742821473158551
612,1956960,4896,0.6285360251150434,0.0,0.5388059701492537
613,1960168,4904,0.5342806065101144,0.0,0.6069469835466179
614,1963248,4912,0.4408693603544977,0.0,0.5931428571428572
615,1967160,4920,0.39406802906889277,0.0,0.566017316017316
616,1969984,4928,0.6589049990399998,0.0,0.581651376146789
617,1974792,4936,0.3387570655955912,0.0,0.6207215541165587
618,1978256,4944,0.39814756697973014,0.0,0.6312968917470525
619,1981016,4952,0.4739350067862506,0.0,0.6105769230769231
620,1983776,4960,0.5228515722330903,0.0,0.6215644820295984
621,1985640,4968,0.6233064385367155,0.0,0.5726744186046512
622,1991344,4976,0.40796295481989153,0.0,0.5613905325443787
623,1995384,4984,0.39060454915059517,0.0,0.62109375
624,1999232,4992,0.5466500147332422,0.0,0.555923777961889
625,2004872,5000,0.2764649246889788,0.0,0.608257804632427
626,2008528,5008,0.3682721175966285,0.0,0.579874213836478
627,2011992,5016,0.4194785254741699,0.0,0.5946248600223965
628,2017824,5024,0.3170464197865185,0.0,0.625
629,2020008,5032,0.5633775779961557,0.0,0.5593451568894953
630,2024048,5040,0.4895946507594179,0.0,0.6339285714285714
631,2027064,5048,0.5237682307747199,0.0,0.5864978902953587
632,2030848,5056,0.38560066319500474,0.0,0.5813148788927336
633,2034120,5064,0.528718489867822,0.0,0.5977653631284916
634,2037648,5072,0.373777349794281,0.0,0.5935637663885578
635,2040728,5080,0.5996609822275376,0.0,0.5928509154315605
636,2045920,5088,0.4621778672582039,0.0,0.6095176010430248
637,2048360,5096,0.49712792029673286,0.0,0.5949044585987261
638,2051888,5104,0.427667544032074,0.0,0.6418918918918919
639,2053688,5112,0.6741075357538973,0.0,0.5766016713091922
640,2056960,5120,0.3973662409564649,0.0,0.6247139588100686
641,2060040,5128,0.5300645904957886,0.0,0.5873015873015873
642,2061776,5136,0.5296104648411963,0.0,0.6354679802955665
643,2066776,5144,0.34938062686906435,0.0,0.5711662075298439
644,2069280,5152,0.4969616007074528,0.0,0.5756358768406962
645,2072232,5160,0.5427230284354804,0.0,0.59
646,2073968,5168,0.5442372909072403,0.0,0.575812274368231
647,2076536,5176,0.6521472061063239,0.0,0.5466101694915254
648,2079424,5184,0.4545364332758801,0.0,0.6021003500583431
649,2082376,5192,0.5664195701871176,0.0,0.5887016848364718
650,2086096,5200,0.4427890492739147,0.0,0.5685863874345549
651,2090200,5208,0.3601236328270171,0.0,0.6182965299684543
652,2092320,5216,0.49404830613426914,0.0,0.614329268292683
653,2094312,5224,0.57292583233794,0.0,0.5797950219619327
654,2097072,5232,0.566004348369823,0.0,0.5618729096989966
655,2100536,5240,0.40453062461417416,0.0,0.5638432364096081
656,2103232,5248,0.5479295968396868,0.0,0.5942796610169492
657,2106504,5256,0.5342176575510985,0.0,0.5290948275862069
658,2109328,5264,0.3835191877877179,0.0,0.6017316017316018
659,2113112,5272,0.39191635532557945,0.0,0.623
660,2115808,5280,0.434901280645112,0.0,0.6021220159151194
661,2117992,5288,0.544542581577768,0.0,0.6232961586121437
662,2120432,5296,0.48689946338430745,0.0,0.5842696629213483
663,2123000,5304,0.5022136421739513,0.0,0.6164874551971327
664,2126208,5312,0.508926513334603,0.0,0.593654042988741
665,2128840,5320,0.46318040204289296,0.0,0.6205250596658711
666,2133392,5328,0.33638824969099507,0.0,0.6365403304178814
667,2135448,5336,0.654412810615034,0.0,0.533068783068783
668,2139168,5344,0.39323561582373184,0.0,0.592800899887514
669,2142568,5352,0.4449500229034492,0.0,0.6141078838174274
670,2146736,5360,0.4328165420656408,0.0,0.5788990825688073
671,2151288,5368,0.3548467738467743,0.0,0.5924075924075924
672,2155392,5376,0.5519576562300951,0.0,0.5711127487103905
673,2157064,5384,0.763008950446702,0.0,0.5639300134589502
674,2160784,5392,0.45814811836720426,0.0,0.6167820069204152
675,2164248,5400,0.32923386440856944,0.0,0.6670560747663551
676,2166624,5408,0.456679950038887,0.0,0.6212121212121212
677,2169512,5416,0.45490361601385504,0.0,0.6124567474048442
678,2173680,5424,0.4132427441697037,0.0,0.5958646616541353
679,2175736,5432,0.5007404313780496,0.0,0.5867507886435331
680,2178048,5440,0.4930330502203712,0.0,0.6126482213438735
681,2181000,5448,0.44860680445471923,0.0,0.6112412177985949
682,2184720,5456,0.38313631778628054,0.0,0.518467852257182
683,2188568,5464,0.3104178015112834,0.0,0.6254728877679697
684,2194016,5472,0.3032546151011821,0.0,0.6298292902066487
685,2196776,5480,0.6426693921152121,0.0,0.5604914933837429
686,2199536,5488,0.5205916182393872,0.0,0.6071044133476857
687,2204216,5496,0.3858754515231886,0.0,0.6235679214402619
688,2206272,5504,0.7229297540328148,0.0,0.5870818915801614
689,2209480,5512,0.4601008512847281,0.0,0.6030204962243797
690,2210896,5520,0.6033192060742483,0.0,0.5523012552301255
691,2213784,5528,0.43698089751426017,0.0,0.5819567979669632
692,2216800,5536,0.46226536880518476,0.0,0.5594237695078031
693,2220648,5544,0.32299875916939785,0.0,0.5890767230169051
694,2223792,5552,0.4054864446216712,0.0,0.6276102088167054
695,2226808,5560,0.4478464194437555,0.0,0.625139043381535
696,2228160,5568,0.6879934235517444,0.0,0.6049382716049383
697,2230600,5576,0.5107562908613243,0.0,0.6041666666666666
698,2232784,5584,0.6324330976980191,0.0,0.5928489042675894
699,2235352,5592,0.5552558332919684,0.0,0.569620253164557
700,2238112,5600,0.5172782703762505,0.0,0.6118568232662193
701,2240744,5608,0.5122210674790278,0.0,0.5870348139255702
702,2244592,5616,0.451798032956256,0.0,0.5928308823529411
703,2248056,5624,0.5055542807606065,0.0,0.604074402125775
704,2251584,5632,0.5178250978602978,0.0,0.5963963963963964
705,2255496,5640,0.3189238684119201,0.0,0.6299212598425197
706,2257296,5648,0.6682130894935419,0.0,0.5502248875562219
707,2260184,5656,0.5596534129801846,0.0,0.6104491292392301
708,2263456,5664,0.44548700899068067,0.0,0.6030042918454935
709,2266600,5672,0.4354448768881455,0.0,0.6215316315205327
710,2269232,5680,0.5031268631054014,0.0,0.6178128523111612
711,2273336,5688,0.45460459767848094,0.0,0.5968280467445742
712,2277440,5696,0.3698392392286992,0.0,0.6451612903225806
713,2280712,5704,0.469280556516755,0.0,0.606282722513089
714,2284368,5712,0.44448563804183544,0.0,0.5902293120638086
715,2288024,5720,0.3936609286863039,0.0,0.6060935799782372
716,2290272,5728,0.52081265133265,0.0,0.6124661246612466
717,2292520,5736,0.6990553351276072,0.0,0.5749202975557917
718,2295216,5744,0.5674197774161259,0.0,0.5980603448275862
719,2298552,5752,0.470779393500223,0.0,0.6315270935960591
720,2302592,5760,0.42153679895222484,0.0,0.5686274509803921
721,2306504,5768,0.5003735925004169,0.0,0.5917695473251029
722,2309392,5776,0.3941883387473172,0.0,0.5859969558599696
723,2313368,5784,0.40615953341407673,0.0,0.6103515625
724,2315296,5792,0.48427634710622086,0.0,0.6313432835820896
725,2317736,5800,0.5114249502068641,0.0,0.626560726447219
726,2321904,5808,0.4608826679383696,0.0,0.57996632996633
727,2325368,5816,0.4726322208074171,0.0,0.5972762645914397
728,2328896,5824,0.5223202014444595,0.0,0.5928819444444444
729,2330824,5832,0.5793257011437833,0.0,0.5703703703703704
730,2336400,5840,0.2815182358417073,0.0,0.6018711018711018
731,2338712,5848,0.5363010042599687,0.0,0.6174334140435835
732,2342560,5856,0.3783043615576869,0.0,0.5987261146496815
733,2346408,5864,0.34457510063215735,0.0,0.6385281385281385
734,2348336,5872,0.5697208620953884,0.0,0.5583596214511041
735,2350648,5880,0.5907582554050772,0.0,0.6276715410573678
736,2352832,5888,0.49961813545013445,0.0,0.6379084967320261
737,2354120,5896,0.5840944308699438,0.0,0.5691244239631337
738,2357200,5904,0.6306872153516593,0.0,0.5577100646352724
739,2360984,5912,0.4190546745420133,0.0,0.6161806208842897
740,2364576,5920,0.37357749971242665,0.0,0.6209944751381216
741,2367976,5928,0.48306185079228436,0.0,0.5583075335397317
742,2370800,5936,0.4029662879517286,0.0,0.56006006006006
743,2374712,5944,0.3963352663680102,0.0,0.6355051935788479
744,2377216,5952,0.5342664593693315,0.0,0.5966183574879227
745,2380936,5960,0.34736025921213526,0.0,0.6236203090507726
746,2385936,5968,0.475423827755413,0.0,0.5914423740510697
747,2389144,5976,0.4010704308818148,0.0,0.6061349693251534
748,2392160,5984,0.39635062984800584,0.0,0.6078680203045685
749,2393704,5992,0.6234419661769898,0.0,0.5787671232876712
750,2396400,6000,0.46078757286672684,0.0,0.5914396887159533
751,2398968,6008,0.49202626992655085,0.0,0.5862516212710766
752,2402176,6016,0.502332668141484,0.0,0.5976900866217517
753,2406152,6024,0.49129180408121187,0.0,0.5957805907172996
754,2408784,6032,0.555083281000371,0.0,0.5980392156862745
755,2412632,6040,0.4825370577229323,0.0,0.5854738706820195
756,2415456,6048,0.455703046120246,0.0,0.6351829988193625
757,2419624,6056,0.43848509389372514,0.0,0.6045918367346939
758,2423216,6064,0.5740084373038004,0.0,0.6069017254313578
759,2426360,6072,0.5033920567643597,0.0,0.6294559099437148
760,2429504,6080,0.4487691949190222,0.0,0.6444444444444445
761,2432520,6088,0.4712836193045019,0.0,0.60250569476082
762,2436368,6096,0.4842031962859515,0.0,0.5805877114870882
763,2440344,6104,0.5172425634959171,0.0,0.6022900763358778
764,2442592,6112,0.6631740073020375,0.0,0.580110497237569
765,2447720,6120,0.3132329248326472,0.0,0.6629787234042553
766,2450352,6128,0.6056267343422789,0.0,0.6299722479185939
767,2456632,6136,0.30844523630836024,0.0,0.5782493368700266
768,2459072,6144,0.6350084818774103,0.0,0.6024716786817713
769,2463496,6152,0.4039033249662325,0.0,0.6335559265442404
770,2472208,6160,0.2146801550677509,0.0,0.6391982182628062
771,2477656,6168,0.4039148697307507,0.0,0.6089108910891089
772,2482912,6176,0.3875235930052173,0.0,0.6041033434650456
773,2486952,6184,0.5113860556068022,0.0,0.5830055074744296
774,2490032,6192,0.33012800881658483,0.0,0.6235119047619048
775,2492536,6200,0.560009552445778,0.0,0.5990836197021764
776,2495872,6208,0.46155962877687257,0.0,0.5943396226415094
777,2497928,6216,0.5077158045139138,0.0,0.5800865800865801
778,2500176,6224,0.524599922960831,0.0,0.5969529085872576
779,2503384,6232,0.4712648221081519,0.0,0.608829568788501
780,2507040,6240,0.33579666425811694,0.0,0.602641056422569
781,2509608,6248,0.6236401249189407,0.0,0.5658174097664543
782,2512304,6256,0.4179875430207328,0.0,0.6092436974789915
783,2516216,6264,0.46135618088285946,0.0,0.6257261410788382
784,2519488,6272,0.5680615664271655,0.0,0.5961871750433275
785,2522632,6280,0.3685635404474901,0.0,0.6235446313065977
786,2526352,6288,0.43198994083617914,0.0,0.5808080808080808
787,2529496,6296,0.3401276538596186,0.0,0.620979020979021
788,2532128,6304,0.4332427091412825,0.0,0.6178428761651131
789,2534632,6312,0.6243925036016383,0.0,0.5969543147208122
790,2537712,6320,0.35544831301337965,0.0,0.6123595505617978
791,2540856,6328,0.34033407312198855,0.0,0.6525885558583107
792,2543296,6336,0.6229031620817519,0.0,0.5962539021852237
793,2547016,6344,0.3662705524315398,0.0,0.6333699231613611
794,2549456,6352,0.5205190570712446,0.0,0.5992462311557789
795,2552472,6360,0.5211433433778779,0.0,0.6171259842519685
796,2554848,6368,0.5306651549577402,0.0,0.6251415628539071
797,2558632,6376,0.3287918374812198,0.0,0.6134663341645885
798,2560944,6384,0.5592574898366783,0.0,0.6224018475750578
799,2565432,6392,0.2874356823731815,0.0,0.5873015873015873
800,2568320,6400,0.4620306664997941,0.0,0.6002317497103129
801,2572168,6408,0.35444967023841356,0.0,0.6695568400770713
802,2575056,6416,0.3659188695629432,0.0,0.6502732240437158
803,2577880,6424,0.5215056196302178,0.0,0.6181455633100698
804,2579552,6432,0.43320608257757426,0.0,0.6105263157894737
805,2584168,6440,0.29708290612144383,0.0,0.665098777046096
806,2588848,6448,0.3991641903834897,0.0,0.6449438202247191
807,2590776,6456,0.4355949415367808,0.0,0.6733436055469953
808,2593344,6464,0.38395034417349977,0.0,0.6277056277056277
809,2596488,6472,0.348980482405221,0.0,0.6378162450066578
810,2600272,6480,0.3333880090393313,0.0,0.6591880341880342
811,2603544,6488,0.43823322529793274,0.0,0.6546146527117032
812,2606816,6496,0.4153055548554856,0.0,0.5797280593325093
813,2610024,6504,0.3296416456925564,0.0,0.6434426229508197
814,2612656,6512,0.36315531420413455,0.0,0.6246290801186943
815,2615288,6520,0.5496539357696925,0.0,0.6004540295119183
816,2619136,6528,0.3137473182594506,0.0,0.6807653575025177
817,2622472,6536,0.44620887834878337,0.0,0.6298828125
818,2625488,6544,0.38061544553261994,0.0,0.6377672209026128
819,2629400,6552,0.37333925015506614,0.0,0.6207983193277311
820,2632608,6560,0.3846334965501249,0.0,0.6694648478488983
821,2637160,6568,0.33458733337690627,0.0,0.6440217391304348
822,2640304,6576,0.43397191376613825,0.0,0.6528599605522682
823,2643832,6584,0.4321198772953799,0.0,0.6699834162520729
824,2646976,6592,0.4443120991811085,0.0,0.664783427495292
825,2650504,6600,0.4259495961122476,0.0,0.6241345202769535
826,2652432,6608,0.606025493968025,0.0,0.5877437325905293
827,2656664,6616,0.3112322803247001,0.0,0.6722772277227723
828,2659040,6624,0.452308579100089,0.0,0.6139860139860139
829,2662312,6632,0.44192822899377027,0.0,0.6294416243654822
830,2664816,6640,0.38743914467993906,0.0,0.675392670157068
831,2667768,6648,0.5057406135687726,0.0,0.6177644710578842
832,2669760,6656,0.6351231653087442,0.0,0.6314553990610329
833,2673672,6664,0.3723621482024949,0.0,0.6310107948969578
834,2676240,6672,0.37817832513682487,0.0,0.6605113636363636
835,2679320,6680,0.39394073980530764,0.0,0.6017587939698492
836,2683296,6688,0.4031354278824268,0.0,0.6445211389128559
837,2686312,6696,0.37858646939505686,0.0,0.6642246642246642
838,2690032,6704,0.38891395569580484,0.0,0.6149843912591051
839,2695224,6712,0.3455427210096805,0.0,0.6708394698085419
840,2698880,6720,0.3416816437639062,0.0,0.6307339449541285
841,2701384,6728,0.5110027092552583,0.0,0.6503416856492027
842,2704400,6736,0.4291236565423287,0.0,0.6540880503144654
843,2706648,6744,0.4852859819416974,0.0,0.6728971962616822
844,2710752,6752,0.4099684433797556,0.0,0.6343537414965986
845,2713384,6760,0.526167346610007,0.0,0.6467611336032388
846,2716080,6768,0.45864453337442446,0.0,0.6377491207502931
847,2719352,6776,0.4805698470313533,0.0,0.6624257845631891
848,2722048,6784,0.4426251458898121,0.0,0.6370614035087719
849,2727240,6792,0.35935557414769514,0.0,0.629222309505106
850,2731088,6800,0.3155047269902382,0.0,0.6652542372881356
851,2735128,6808,0.43424009159997834,0.0,0.6331658291457286
852,2737248,6816,0.46432200414892427,0.0,0.6272855133614628
853,2741160,6824,0.3506026379386817,0.0,0.6181061394380853
854,2743728,6832,0.39534654715242434,0.0,0.6831432192648923
855,2748152,6840,0.336309114471803,0.0,0.6819699499165276
856,2751424,6848,0.3618902076817173,0.0,0.6492450638792102
857,2757640,6856,0.2746539099442848,0.0,0.6333615580016935
858,2759952,6864,0.53145363135034,0.0,0.6578073089700996
859,2761368,6872,0.6013203601891974,0.0,0.5977653631284916
860,2764576,6880,0.498978841837873,0.0,0.6556962025316456
861,2768552,6888,0.25964432167565843,0.0,0.6480218281036835
862,2772272,6896,0.3121002625077456,0.0,0.6460280373831776
863,2774520,6904,0.48744428233505516,0.0,0.6547314578005116
864,2777664,6912,0.5103949121119045,0.0,0.6123222748815166
865,2780680,6920,0.5402099170910918,0.0,0.6296296296296297
866,2783888,6928,0.32988583112401443,0.0,0.6807017543859649
867,2788120,6936,0.35334803066473847,0.0,0.6198179979777553
868,2791648,6944,0.42615152313904314,0.0,0.6388634280476627
869,2794344,6952,0.4715299617184582,0.0,0.6749502982107356
870,2798448,6960,0.3516932427716023,0.0,0.659217877094972
871,2801592,6968,0.33358675801587695,0.0,0.6531413612565445
872,2803968,6976,0.4750071086685947,0.0,0.6456009913258984
873,2807432,6984,0.46081763704059137,0.0,0.6411359724612736
874,2810512,6992,0.47539936393106336,0.0,0.6415279138099902
875,2814040,7000,0.40362375040211373,0.0,0.6449704142011834
876,2816736,7008,0.5161393868130725,0.0,0.6500974658869396
877,2819560,7016,0.49692526659370645,0.0,0.6698113207547169
878,2822448,7024,0.5324597880016162,0.0,0.6294896030245747
879,2827064,7032,0.2895324931676482,0.0,0.6507276507276507
880,2829696,7040,0.47053633967096675,0.0,0.5900709219858156
881,2832264,7048,0.31347817636088293,0.0,0.6421232876712328
882,2836048,7056,0.43839891342540815,0.0,0.6118067978533095
883,2838296,7064,0.5593950766676234,0.0,0.6344206974128234
884,2840672,7072,0.5322807357036543,0.0,0.5836680053547524
885,2844200,7080,0.5070249915179372,0.0,0.6347352024922118
886,2848176,7088,0.3130310904836604,0.0,0.6443468715697036
887,2851640,7096,0.2704746380385168,0.0,0.6605890603085554
888,2854016,7104,0.46027812458952866,0.0,0.5889830508474576
889,2857480,7112,0.42467783451145213,0.0,0.6648148148148149
890,2860624,7120,0.4135658378661949,0.0,0.6490134994807892
891,2864920,7128,0.41238066486428376,0.0,0.6046915725456126
892,2867296,7136,0.33326638507126816,0.0,0.6687598116169545
893,2869608,7144,0.4322781270026639,0.0,0.638121546961326
894,2872816,7152,0.40580615893247524,0.0,0.6639004149377593
895,2875448,7160,0.45596469046828414,0.0,0.6112531969309463
896,2878528,7168,0.4985583169591372,0.0,0.6185866408518877
897,2880456,7176,0.4126007134147078,0.0,0.6457564575645757
898,2882960,7184,0.59795974873528,0.0,0.602020202020202
899,2887896,7192,0.28408615386271957,0.0,0.5986622073578596
900,2891296,7200,0.5400366233383521,0.0,0.5837145471180238
901,2893288,7208,0.5265825341581094,0.0,0.6542699724517906
902,2898160,7216,0.3628982600387497,0.0,0.6044247787610619
903,2901944,7224,0.3990943674507361,0.0,0.6409791477787852
904,2904768,7232,0.3765065904151053,0.0,0.6675358539765319
905,2907272,7240,0.461338472388445,0.0,0.6445221445221445
906,2910416,7248,0.44718109725636124,0.0,0.691533948030176
907,2913176,7256,0.47488106575922184,0.0,0.656934306569343
908,2915616,7264,0.4247951782980296,0.0,0.6402116402116402
909,2919144,7272,0.3431179784953008,0.0,0.6606741573033708
910,2924848,7280,0.23336280036294546,0.0,0.6234906695938529
911,2928248,7288,0.32078942033103763,0.0,0.6714628297362111
912,2931072,7296,0.3466462400763003,0.0,0.6838709677419355
913,2933512,7304,0.3517404828551024,0.0,0.660377358490566
914,2936464,7312,0.39092661864433176,0.0,0.6563573883161512
915,2939608,7320,0.38836417710409615,0.0,0.6432616081540203
916,2943136,7328,0.529773200850185,0.0,0.6461769115442278
917,2947176,7336,0.24561403067315934,0.0,0.6331444759206799
918,2950960,7344,0.441648206895654,0.0,0.6253229974160207
919,2954168,7352,0.4543144872614079,0.0,0.6438492063492064
920,2956864,7360,0.4873309913984984,0.0,0.6079136690647482
921,2960456,7368,0.42452369878068147,0.0,0.6632825719120136
922,2966096,7376,0.3641901745032307,0.0,0.6456375838926175
923,2970072,7384,0.38819935754762086,0.0,0.6401446654611211
924,2974496,7392,0.41586904326791907,0.0,0.6234472049689441
925,2978664,7400,0.4419216004639285,0.0,0.6744847192608386
926,2982320,7408,0.3891181347478313,0.0,0.6556420233463035
927,2984504,7416,0.48985327663011047,0.0,0.6549935149156939
928,2987520,7424,0.28623796708853766,0.0,0.654434250764526
929,2992520,7432,0.3098684443137449,0.0,0.6678082191780822
930,2996240,7440,0.36661504007643325,0.0,0.6202672605790646
931,2998680,7448,0.5528548772509657,0.0,0.6277456647398844
932,3001184,7456,0.41254763778856995,0.0,0.6488651535380507
933,3005352,7464,0.30157568969767895,0.0,0.6719056974459725
934,3008112,7472,0.38320116164293233,0.0,0.6380027739251041
935,3011704,7480,0.4122675839825658,0.0,0.6265761396702231
936,3015040,7488,0.48044178301673174,0.0,0.6538461538461539
937,3019016,7496,0.41851696725984366,0.0,0.6545893719806763
938,3021264,7504,0.4897155311811123,0.0,0.6516587677725119
939,3023640,7512,0.5313975759921948,0.0,0.6659340659340659
940,3025824,7520,0.43344271662813205,0.0,0.659919028340081
941,3029800,7528,0.36087823769537775,0.0,0.6213786213786214
942,3032752,7536,0.4187258808601505,0.0,0.6546840958605664
943,3036792,7544,0.37569636680418106,0.0,0.6382575757575758
944,3040576,7552,0.37390379458436296,0.0,0.6495726495726496
945,3043016,7560,0.4737295050072305,0.0,0.6474056603773585
946,3046544,7568,0.4197014160906681,0.0,0.618
947,3049816,7576,0.4849573581569911,0.0,0.6496097137901128
948,3052512,7584,0.47113432940005545,0.0,0.6257175660160735
949,3055784,7592,0.45459330351466654,0.0,0.6258570029382958
950,3058928,7600,0.3758055841296242,0.0,0.6184049079754601
951,3062648,7608,0.4170187751468434,0.0,0.6563573883161512
952,3067968,7616,0.3282322491473899,0.0,0.6064113980409617
953,3071816,7624,0.4140218454357823,0.0,0.6232813932172319
954,3074896,7632,0.469946984782636,0.0,0.6192425793244627
955,3078168,7640,0.4186302144418197,0.0,0.6445147679324894
956,3081632,7648,0.4548227688645511,0.0,0.6366120218579235
957,3084008,7656,0.5100955508604461,0.0,0.6274285714285714
958,3086896,7664,0.4149840123437362,0.0,0.6696528555431132
959,3090168,7672,0.2895829190911982,0.0,0.656934306569343
960,3092928,7680,0.3926013756898215,0.0,0.6346153846153846
961,3095816,7688,0.44775936207265027,0.0,0.6238738738738738
962,3100048,7696,0.3173484847463022,0.0,0.6727438468550593
963,3103640,7704,0.32706103812719556,0.0,0.6522248243559718
964,3107488,7712,0.3346452339665692,0.0,0.6266519823788547
965,3111912,7720,0.30064692229560325,0.0,0.6403508771929824
966,3114288,7728,0.3711997603999945,0.0,0.6352201257861635
967,3117304,7736,0.46278271637434854,0.0,0.6424923391215526
968,3121344,7744,0.3925541330271013,0.0,0.6420091324200913
969,3130056,7752,0.18390870820330665,0.0,0.662621359223301
970,3132368,7760,0.551887677299793,0.0,0.5979899497487438
971,3135256,7768,0.5098328053582206,0.0,0.5701657458563536
972,3139680,7776,0.3686781837849452,0.0,0.6394557823129252
973,3141736,7784,0.4670971337725941,0.0,0.637444279346211
974,3144688,7792,0.4817820466115097,0.0,0.6285425101214575
975,3148024,7800,0.32212376419111766,0.0,0.6768507638072856
976,3151232,7808,0.3997938934061686,0.0,0.6219931271477663
977,3153928,7816,0.43506913291093113,0.0,0.6419316843345112
978,3156240,7824,0.47939849913636273,0.0,0.6647331786542924
979,3158616,7832,0.5560412143031696,0.0,0.6081871345029239
980,3160800,7840,0.3836562899195966,0.0,0.670926517571885
981,3164392,7848,0.31304335455861665,0.0,0.6666666666666666
982,3168048,7856,0.35662504595994426,0.0,0.6444929116684842
983,3171320,7864,0.4627425924568731,0.0,0.6538116591928251
984,3173760,7872,0.49571578218994977,0.0,0.6400937866354045
985,3178568,7880,0.28354771159026454,0.0,0.6515151515151515
986,3180880,7888,0.42187799236409546,0.0,0.6583333333333333
987,3184600,7896,0.41102154385801215,0.0,0.6448763250883393
988,3187296,7904,0.293546434675133,0.0,0.6844512195121951
989,3189544,7912,0.47922727205911014,0.0,0.6638141809290954
990,3192432,7920,0.40378845440430783,0.0,0.6461352657004831
991,3196024,7928,0.3607010840549645,0.0,0.6374331550802139
992,3199424,7936,0.3991375096053413,0.0,0.6275346851654215
993,3203336,7944,0.29937122240992003,0.0,0.6404624277456648
994,3208080,7952,0.3038998155154994,0.0,0.6141078838174274
995,3210968,7960,0.5650353408945551,0.0,0.6093189964157706
996,3214240,7968,0.46214455686521444,0.0,0.6421152030217187
997,3216552,7976,0.5213210843241615,0.0,0.6325088339222615
998,3219824,7984,0.2725780873141429,0.0,0.6594202898550725
999,3222008,7992,0.4365107195550619,0.0,0.6089743589743589
1000,3224640,8000,0.44925695022413775,0.0,0.6514806378132119
1001,3226696,8008,0.562632168303894,0.0,0.5964912280701754
1002,3229520,8016,0.4945136412793038,0.0,0.6266804550155118
1003,3231512,8024,0.4004657584975519,0.0,0.6581059390048154
1004,3234912,8032,0.44584731688606516,0.0,0.6312900274473925
1005,3237096,8040,0.44781192937766734,0.0,0.6414285714285715
1006,3238704,8048,0.5669037540364646,0.0,0.6477987421383647
1007,3241464,8056,0.4305950373478145,0.0,0.6379511059371362
1008,3244288,8064,0.3424879781477241,0.0,0.6385185185185185
1009,3246600,8072,0.6074324716997344,0.0,0.600216684723727
1010,3250064,8080,0.48287700677682216,0.0,0.5858987090367428
1011,3256664,8088,0.292362721055311,0.0,0.6335118592195869
1012,3259872,8096,0.39554089171546225,0.0,0.6649642492339122
1013,3266664,8104,0.29127607379673986,0.0,0.6157303370786517
1014,3270576,8112,0.38398131584137324,0.0,0.6479638009049774
1015,3273336,8120,0.44734623320310285,0.0,0.5941255006675568
1016,3277056,8128,0.365899400552538,0.0,0.6254071661237784
1017,3279944,8136,0.37940934958041656,0.0,0.6753986332574032
1018,3283664,8144,0.2767952967712128,0.0,0.6557788944723618
1019,3286680,8152,0.4199316165429677,0.0,0.6366782006920415
1020,3290016,8160,0.4167743461872578,0.0,0.6341708542713568
1021,3292072,8168,0.5185778862024764,0.0,0.6435897435897436
1022,3295600,8176,0.39781041025782915,0.0,0.6028761061946902
1023,3300024,8184,0.41031309688701856,0.0,0.6355661881977671
1024,3304000,8192,0.418808571391726,0.0,0.6741293532338308
1025,3308680,8200,0.38639619702669176,0.0,0.6410453497309762
1026,3311952,8208,0.48155638101340514,0.0,0.6384892086330936
1027,3314904,8216,0.336765733161565,0.0,0.6435124508519003
1028,3317472,8224,0.4951133926936594,0.0,0.6656017039403621
1029,3320296,8232,0.6007789392557821,0.0,0.6104240282685512
1030,3324144,8240,0.380534865127023,0.0,0.6351480420248329
1031,3326520,8248,0.6630085683019405,0.0,0.593186372745491
1032,3328512,8256,0.40993749880965036,0.0,0.6459016393442623
1033,3330056,8264,0.583363551172513,0.0,0.6274834437086093
1034,3333712,8272,0.39508518976776485,0.0,0.6163655685441021
1035,3336472,8280,0.5113303955829668,0.0,0.6685934489402697
1036,3340640,8288,0.3539810778203563,0.0,0.6685185185185185
1037,3343272,8296,0.4858516044021799,0.0,0.6512118018967334
1038,3347504,8304,0.3772032590176393,0.0,0.615948670944088
1039,3351032,8312,0.3173134117379059,0.0,0.6379525593008739
1040,3353216,8320,0.44024209287958765,0.0,0.6685393258426966
1041,3357384,8328,0.35398556024451133,0.0,0.6489459211732356
1042,3360848,8336,0.49455568558052365,0.0,0.5958055290753098
1043,3363992,8344,0.4757193803307773,0.0,0.6377358490566037
1044,3368032,8352,0.339404009915346,0.0,0.5871345029239766
1045,3371112,8360,0.3568849555320521,0.0,0.6540284360189573
1046,3374960,8368,0.42974760925292693,0.0,0.6411960132890365
1047,3379320,8376,0.3873999861285249,0.0,0.6299212598425197
1048,3382720,8384,0.3885360667835992,0.0,0.5981630309988519
1049,3385160,8392,0.5324344707738407,0.0,0.6042713567839196
1050,3387984,8400,0.4213663719635052,0.0,0.6421911421911422
1051,3390680,8408,0.4364256038840484,0.0,0.6555683122847302
1052,3394528,8416,0.3811376083242283,0.0,0.6499068901303539
1053,3398056,8424,0.3261337331272095,0.0,0.6236024844720497
1054,3400496,8432,0.3797423040932498,0.0,0.6486486486486487
1055,3402680,8440,0.4938347753606121,0.0,0.6807228915662651
1056,3405952,8448,0.4063271541663807,0.0,0.6552440290758048
1057,3408904,8456,0.45021232371329944,0.0,0.5972568578553616
1058,3411472,8464,0.4204248140333622,0.0,0.6281879194630873
1059,3414680,8472,0.42813586617855665,0.0,0.6310272536687631
1060,3418336,8480,0.4016850499849232,0.0,0.6768558951965066
1061,3420584,8488,0.5197354823265303,0.0,0.6334164588528678
1062,3423664,8496,0.35346739537829314,0.0,0.5942622950819673
1063,3428152,8504,0.31237736777649955,0.0,0.7034313725490197
1064,3431616,8512,0.36631943504119524,0.0,0.6225087924970691
1065,3434568,8520,0.4318007857997962,0.0,0.6012048192771084
1066,3438544,8528,0.44080813486868303,0.0,0.6190075693860387
1067,3441240,8536,0.457182534988435,0.0,0.6506696428571429
1068,3442976,8544,0.4578428001273458,0.0,0.6732673267326733
1069,3446632,8552,0.3884191033689207,0.0,0.5891472868217055
1070,3448944,8560,0.44030920048532923,0.0,0.6675392670157068
1071,3451768,8568,0.4488027406015517,0.0,0.5521978021978022
1072,3454784,8576,0.3839547801563682,0.0,0.6610576923076923
1073,3458312,8584,0.42134003135502707,0.0,0.6484230055658627
1074,3461776,8592,0.32920267819064936,0.0,0.641439205955335
1075,3464920,8600,0.42391121997642334,0.0,0.6603375527426161
1076,3467680,8608,0.4639306888663641,0.0,0.629424778761062
1077,3470376,8616,0.3850968558509153,0.0,0.6800518134715026
1078,3474864,8624,0.3501517100149747,0.0,0.6450777202072538
1079,3477432,8632,0.4367542363274833,0.0,0.6817653890824622
1080,3481152,8640,0.3868504453039923,0.0,0.6435272045028143
1081,3483464,8648,0.5751465444763618,0.0,0.6281081081081081
1082,3486736,8656,0.4346103476158351,0.0,0.5898566703417861
1083,3490200,8664,0.41780149329221594,0.0,0.6
1084,3493920,8672,0.3307827611741462,0.0,0.6684782608695652
1085,3497576,8680,0.48799215119344314,0.0,0.6411092985318108
1086,3500656,8688,0.4623774104694642,0.0,0.6242105263157894
1087,3503160,8696,0.4826577587281959,0.0,0.6081258191349934
1088,3506816,8704,0.3657011905792845,0.0,0.6565853658536586
1089,3509320,8712,0.45851620651643715,0.0,0.639344262295082
1090,3510864,8720,0.5144584556643347,0.0,0.6553571428571429
1091,3513560,8728,0.5331071435698953,0.0,0.6678832116788321
1092,3516128,8736,0.37569766202803523,0.0,0.6370056497175142
1093,3518696,8744,0.4413310613516249,0.0,0.6399491094147582
1094,3521456,8752,0.44983958831837123,0.0,0.6750261233019854
1095,3523448,8760,0.5658056930338744,0.0,0.5938864628820961
1096,3526976,8768,0.44607480124867865,0.0,0.6218250235183443
1097,3530888,8776,0.4727465026097036,0.0,0.6376929325751421
1098,3534544,8784,0.27257644991024377,0.0,0.6458885941644562
1099,3536984,8792,0.44467166328361296,0.0,0.6654632972322503
1100,3539040,8800,0.538883617038066,0.0,0.5991189427312775
1101,3541800,8808,0.44336892327278327,0.0,0.6511363636363636
1102,3545264,8816,0.46918451222252056,0.0,0.6335078534031413
1103,3547448,8824,0.44999563158421557,0.0,0.6358381502890174
1104,3549888,8832,0.5254633844364538,0.0,0.6132530120481928
1105,3552648,8840,0.41126657116883386,0.0,0.6698224852071006
1106,3555728,8848,0.4200878948567177,0.0,0.6908576814326107
1107,3558168,8856,0.5247164919554339,0.0,0.6699239956568946
1108,3561056,8864,0.43906989823853737,0.0,0.6595092024539877
1109,3564840,8872,0.4122610406883598,0.0,0.6384758364312267
1110,3566512,8880,0.5237441024547187,0.0,0.6431924882629108
1111,3570296,8888,0.34800719628717713,0.0,0.660164271047228
1112,3574208,8896,0.34407626568601707,0.0,0.621822033898305
1113,3576968,8904,0.5531117981142978,0.0,0.6177339901477833
1114,3580688,8912,0.3551205696447408,0.0,0.6257175660160735
1115,3585112,8920,0.3253777111765581,0.0,0.6644674835061263
1116,3588512,8928,0.5305935941627246,0.0,0.6402116402116402
1117,3590952,8936,0.5013376270243242,0.0,0.6605405405405406
1118,3594992,8944,0.31270410476872873,0.0,0.6936416184971098
1119,3598584,8952,0.3376419142938989,0.0,0.6497237569060773
1120,3601536,8960,0.42249611182019664,0.0,0.6352413019079686
1121,3603592,8968,0.4696510165590593,0.0,0.6413199426111909
1122,3607888,8976,0.3226357935874025,0.0,0.6348425196850394
1123,3611032,8984,0.4691502187401766,0.0,0.6377649325626205
1124,3614368,8992,0.39819439099012033,0.0,0.6379310344827587
1125,3616168,9000,0.42440479067930953,0.0,0.5975855130784709
1126,3619248,9008,0.34717730637433225,0.0,0.6202185792349727
1127,3622392,9016,0.36657931493881313,0.0,0.6798196166854565
1128,3624960,9024,0.43831312486880974,0.0,0.6564705882352941
1129,3626248,9032,0.5341628741685686,0.0,0.6124197002141327
1130,3628560,9040,0.48486338468320267,0.0,0.6376623376623377
1131,3631064,9048,0.5178030520982387,0.0,0.620958751393534
1132,3632992,9056,0.4645541418589327,0.0,0.6405750798722045
1133,3637992,9064,0.2876918634102327,0.0,0.6348747591522158
1134,3641072,9072,0.42766661492301844,0.0,0.6613226452905812
1135,3645304,9080,0.3325577790917525,0.0,0.6439317953861585
1136,3648768,9088,0.41962062819503027,0.0,0.6983050847457627
1137,3651272,9096,0.4780710277731121,0.0,0.654627539503386
1138,3653136,9104,0.5566741292873797,0.0,0.6783980582524272
1139,3654936,9112,0.4750822003781826,0.0,0.6513157894736842
1140,3657120,9120,0.49414143086637535,0.0,0.6873479318734793
1141,3659752,9128,0.4833231106200876,0.0,0.6217870257037944
1142,3661936,9136,0.4464624913024029,0.0,0.583732057416268
1143,3664248,9144,0.4839950640127686,0.0,0.6352201257861635
1144,3669888,9152,0.3722930527341593,0.0,0.640973630831643
1145,3674568,9160,0.38704797007754754,0.0,0.6328502415458938
1146,3677712,9168,0.28632628794667825,0.0,0.6940397350993377
1147,3680152,9176,0.5323538682116804,0.0,0.6422594142259415
1148,3683232,9184,0.38858031847758995,0.0,0.679324894514768
1149,3685288,9192,0.5642959678727647,0.0,0.6047745358090185
1150,3688304,9200,0.48209988026727824,0.0,0.6227544910179641
1151,3692792,9208,0.40551341101953653,0.0,0.6470149253731343
1152,3695488,9216,0.5111344242066419,0.0,0.6024774774774775
1153,3700616,9224,0.2249116973453551,0.0,0.6930803571428571
1154,3704080,9232,0.38550798140428477,0.0,0.6869244935543278
1155,3708120,9240,0.33781638936321107,0.0,0.65748031496063
1156,3710752,9248,0.34010736533209684,0.0,0.6646706586826348
1157,3713704,9256,0.5288445841957743,0.0,0.6529516994633273
1158,3717744,9264,0.42928819446671823,0.0,0.6452889944576405
1159,3720376,9272,0.34632758459877777,0.0,0.6726519337016574
1160,3723584,9280,0.4592263727330414,0.0,0.6566210045662101
1161,3726408,9288,0.3765692373266219,0.0,0.6670716889428918
1162,3729488,9296,0.32276160434609363,0.0,0.6110260336906586
1163,3732632,9304,0.35943586577742603,0.0,0.656441717791411
1164,3735648,9312,0.4413370203573325,0.0,0.6154696132596685
1165,3740776,9320,0.29663653959566516,0.0,0.66996699669967
1166,3743984,9328,0.36243260823180845,0.0,0.6005256241787122
1167,3747256,9336,0.38765797797206225,0.0,0.6116504854368932
1168,3749760,9344,0.44099754964653104,0.0,0.6290726817042607
1169,3752008,9352,0.4668523244836598,0.0,0.6670934699103713
1170,3754128,9360,0.6036537140981458,0.0,0.6203703703703703
1171,3758168,9368,0.4373486551201862,0.0,0.6112040133779264
1172,3762080,9376,0.3629347101267184,0.0,0.6377952755905512
1173,3765352,9384,0.44603881901758285,0.0,0.6352015732546706
1174,3768176,9392,0.502505901951478,0.0,0.6536259541984732
1175,3770552,9400,0.4632611094610537,0.0,0.672090112640801
1176,3774208,9408,0.28909362215050577,0.0,0.6619047619047619
1177,3777544,9416,0.41184895822916034,0.0,0.6724975704567542
1178,3781264,9424,0.49840455437129094,0.0,0.6183889340927583
1179,3784600,9432,0.34676557430611565,0.0,0.6610169491525424
1180,3789920,9440,0.35882506923761737,0.0,0.6464497041420119
1181,3793000,9448,0.40850001387728946,0.0,0.6455266138165345
1182,3795440,9456,0.5050610913377254,0.0,0.6403712296983759
1183,3797688,9464,0.5037490254958337,0.0,0.6115702479338843
1184,3800064,9472,0.3886169281425493,0.0,0.6259780907668232
1185,3803016,9480,0.4955867956055055,0.0,0.608421052631579
1186,3807120,9488,0.28982300099558445,0.0,0.6367924528301887
1187,3810712,9496,0.3355402687609577,0.0,0.6785714285714286
1188,3813152,9504,0.3999298381207334,0.0,0.6305916305916306
1189,3819432,9512,0.3208776928051104,0.0,0.6335227272727273
1190,3822512,9520,0.45445398508859336,0.0,0.6565853658536586
1191,3826296,9528,0.3267332169927533,0.0,0.6535087719298246
1192,3828672,9536,0.4790838275580732,0.0,0.6406820950060901
1193,3832136,9544,0.32034670758989964,0.0,0.6768018018018018
1194,3834896,9552,0.40012479129654654,0.0,0.6609336609336609
1195,3837912,9560,0.48307150885390354,0.0,0.6731793960923623
1196,3842848,9568,0.26504053120720394,0.0,0.65625
1197,3845224,9576,0.4238781501436211,0.0,0.6510989010989011
1198,3847664,9584,0.4492783798596188,0.0,0.6532544378698225
1199,3850872,9592,0.4025983494097231,0.0,0.6783625730994152
1200,3853568,9600,0.4251725952964475,0.0,0.64375
1201,3857224,9608,0.4422317576003825,0.0,0.6357969723953696
1202,3860048,9616,0.480045142369148,0.0,0.6567754698318496
1203,3863896,9624,0.35197624704426034,0.0,0.6771428571428572
1204,3867744,9632,0.5429045434911344,0.0,0.6069802731411229
1205,3871208,9640,0.4752288579580025,0.0,0.6207207207207207
1206,3877040,9648,0.3164393388034194,0.0,0.6524714828897339
1207,3880888,9656,0.3759529058738433,0.0,0.6226993865030674
1208,3885376,9664,0.3770871290402267,0.0,0.6788375558867362
1209,3887752,9672,0.47790458132946867,0.0,0.6491442542787286
1210,3890128,9680,0.3966655796870917,0.0,0.6680731364275668
1211,3893272,9688,0.4940200477354988,0.0,0.6393884892086331
1212,3895776,9696,0.3669145583269953,0.0,0.7204574332909784
1213,3898536,9704,0.6032785070144235,0.0,0.5908658420551856
1214,3901552,9712,0.38243626041399714,0.0,0.5812591508052709
1215,3903288,9720,0.5134221432786172,0.0,0.6825396825396826
1216,3905664,9728,0.4115602278223045,0.0,0.6457142857142857
1217,3909768,9736,0.4657761878721695,0.0,0.6316176470588235
1218,3912848,9744,0.38898771892966116,0.0,0.6302521008403361
1219,3918296,9752,0.3151349975126005,0.0,0.6580436540016168
1220,3920736,9760,0.5001059730133012,0.0,0.6177514792899408
1221,3922984,9768,0.526709882366451,0.0,0.6555683122847302
1222,3926064,9776,0.47344943383151356,0.0,0.6511194029850746
1223,3929208,9784,0.3729735525175342,0.0,0.6106194690265486
1224,3932352,9792,0.3255877703214104,0.0,0.6865127582017011
1225,3935432,9800,0.44919655736101194,0.0,0.6235294117647059
1226,3938128,9808,0.537024280712938,0.0,0.6512488436632747
1227,3940376,9816,0.5179031579717142,0.0,0.6674233825198638
1228,3943200,9824,0.3812624547510028,0.0,0.6307277628032345
1229,3946152,9832,0.42652965239479873,0.0,0.6377607025246982
1230,3949488,9840,0.5084635304519586,0.0,0.6313901345291479
1231,3952184,9848,0.5267227918887761,0.0,0.6124197002141327
1232,3953728,9856,0.6381775639710084,0.0,0.6092307692307692
1233,3956872,9864,0.44735430261264636,0.0,0.6361767728674204
1234,3959248,9872,0.41337631973538475,0.0,0.6311239193083573
1235,3962200,9880,0.3723178887221441,0.0,0.6158038147138964
1236,3965152,9888,0.34048846769753005,0.0,0.648721399730821
1237,3968360,9896,0.4178784560700557,0.0,0.6695402298850575
1238,3973232,9904,0.3705736460661055,0.0,0.6508785332314744
1239,3978616,9912,0.25619677608316965,0.0,0.6806569343065694
1240,3981760,9920,0.4219871792013782,0.0,0.6500488758553274
1241,3984520,9928,0.43593194846720756,0.0,0.6620021528525296
1242,3987984,9936,0.358644819666246,0.0,0.6399548532731377
1243,3991448,9944,0.34936473905289134,0.0,0.6456599286563615
1244,3995168,9952,0.3719711218873768,0.0,0.6439317953861585
1245,3998120,9960,0.48248722030653957,0.0,0.6367149758454106
1246,4001072,9968,0.4175104033845955,0.0,0.619277108433735
1247,4003768,9976,0.4356638282947176,0.0,0.6109625668449198
1248,4009984,9984,0.3420034632994683,0.0,0.6441717791411042
1249,4011592,9992,0.5295009485016511,0.0,0.6309314586994728
1250,4013904,10000,0.3792020687480612,0.0,0.6273291925465838
1251,4016408,10008,0.3923677707810924,0.0,0.6574202496532594
1252,4020064,10016,0.35467284885524175,0.0,0.665650406504065
1253,4024296,10024,0.3791234084954012,0.0,0.6507537688442211
1254,4026864,10032,0.5193515318645051,0.0,0.6374331550802139
1255,4029432,10040,0.4907657080464606,0.0,0.6528384279475983
1256,4034816,10048,0.33382505736344753,0.0,0.6729241877256318
1257,4037640,10056,0.42587139131221136,0.0,0.6530849825378346
1258,4041360,10064,0.35311694217671363,0.0,0.6220472440944882
1259,4044952,10072,0.4918352766865146,0.0,0.6216216216216216
1260,4048352,10080,0.3908787000201027,0.0,0.6251366120218579
1261,4051560,10088,0.4065871215005417,0.0,0.6552072800808898
1262,4054128,10096,0.5466341757216384,0.0,0.6221052631578947
1263,4055800,10104,0.549827432722191,0.0,0.6112054329371817
1264,4058944,10112,0.3533172193976765,0.0,0.6638246041412911
1265,4061384,10120,0.5102993731805151,0.0,0.6395721925133689
1266,4065104,10128,0.42372128215946486,0.0,0.6452173913043479
1267,4069144,10136,0.3367341565561132,0.0,0.6393270241850684
1268,4072544,10144,0.3329159973755761,0.0,0.6477404403244496
1269,4076648,10152,0.35508148327214323,0.0,0.6450417052826691
1270,4078640,10160,0.41655856196499874,0.0,0.6645669291338583
1271,4082296,10168,0.36728567765960124,0.0,0.6294307196562836
1272,4084672,10176,0.5345637777244304,0.0,0.6444201312910285
1273,4087368,10184,0.5021603909767296,0.0,0.6376496191512514
1274,4090832,10192,0.4429008746974199,0.0,0.6603448275862069
1275,4093848,10200,0.4188257986957842,0.0,0.6711340206185566
1276,4097504,10208,0.3567907111243622,0.0,0.6589595375722543
1277,4102952,10216,0.32852120396333845,0.0,0.6612903225806451
1278,4106160,10224,0.4121006816523423,0.0,0.645877378435518
1279,4110520,10232,0.3417966344817933,0.0,0.6079484425349087
1280,4114432,10240,0.3526023515047805,0.0,0.6839666357738647
1281,4118344,10248,0.5041602599611816,0.0,0.6305637982195845
1282,4121104,10256,0.391923122407752,0.0,0.6466753585397653
1283,4123608,10264,0.3798308106848516,0.0,0.6597222222222222
1284,4127136,10272,0.37363641851698254,0.0,0.6225319396051103
1285,4130728,10280,0.4558217706595545,0.0,0.6380628717077316
1286,4132720,10288,0.5197863031453807,0.0,0.6569920844327177
1287,4137272,10296,0.2620710776770659,0.0,0.7034412955465587
1288,4140672,10304,0.42055470164925063,0.0,0.6577981651376147
1289,4143624,10312,0.3696043658158925,0.0,0.6908690869086909
1290,4145680,10320,0.561024594190566,0.0,0.6021505376344086
1291,4148568,10328,0.4492405695345945,0.0,0.6548004314994607
1292,4150496,10336,0.5035293041790004,0.0,0.6269592476489029
1293,4153576,10344,0.3364999256122625,0.0,0.6580976863753213
1294,4156272,10352,0.45252171463408497,0.0,0.6366666666666667
1295,4162488,10360,0.3305620709235709,0.0,0.6616492146596858
1296,4165760,10368,0.33112259695483326,0.0,0.6584795321637427
1297,4167880,10376,0.5150245326648221,0.0,0.6578631452581032
1298,4170640,10384,0.3543708405477534,0.0,0.6472222222222223
1299,4173656,10392,0.41595502985281935,0.0,0.6594202898550725
1300,4178400,10400,0.34424724567361253,0.0,0.6137012369172217
1301,4181800,10408,0.3260795394373124,0.0,0.6195244055068836
1302,4185200,10416,0.4580302663774098,0.0,0.6218487394957983
1303,4188280,10424,0.4205414196803843,0.0,0.6907630522088354
1304,4191040,10432,0.44699210744763823,0.0,0.6151035322777101
1305,4193096,10440,0.47290439209528545,0.0,0.6924910607866508
1306,4196112,10448,0.3924822155186792,0.0,0.638095238095238
1307,4198104,10456,0.650252620556961,0.0,0.6451612903225806
1308,4200800,10464,0.5201663730438522,0.0,0.6604146100691016
1309,4204136,10472,0.37650033103204383,0.0,0.6694386694386695
1310,4207408,10480,0.3337916345292503,0.0,0.6872197309417041
1311,4209784,10488,0.5249680903376512,0.0,0.6546681664791901
1312,4213376,10496,0.436740226052954,0.0,0.6547008547008547
1313,4216200,10504,0.41616176761461754,0.0,0.6160714285714286
1314,4218192,10512,0.5506443772462816,0.0,0.6458885941644562
1315,4220696,10520,0.4320671220688014,0.0,0.672189349112426
1316,4223136,10528,0.4460029874022363,0.0,0.6754176610978521
1317,4225448,10536,0.4547807086922922,0.0,0.6591194968553459
1318,4228400,10544,0.41653276868929884,0.0,0.6680369989722508
1319,4230648,10552,0.4726423235017478,0.0,0.6520650813516896
1320,4234368,10560,0.32466550726332466,0.0,0.6529933481152993
1321,4237640,10568,0.33865845150372614,0.0,0.6858407079646017
1322,4241232,10576,0.49918470528185116,0.0,0.6439628482972136
1323,4243864,10584,0.5163100097083007,0.0,0.6112920738327905
1324,4246560,10592,0.4797315500624376,0.0,0.6308360477741585
1325,4250728,10600,0.3424604637495545,0.0,0.6711111111111111
1326,4254960,10608,0.30133686424547423,0.0,0.6721311475409836
1327,4257400,10616,0.48103602172299986,0.0,0.6202046035805626
1328,4259904,10624,0.35855393414969133,0.0,0.6602373887240356
1329,4262344,10632,0.540937557309053,0.0,0.5981524249422633
1330,4266128,10640,0.3730315705549927,0.0,0.6412825651302605
1331,4269208,10648,0.5031654106792919,0.0,0.6241737488196412
1332,4273248,10656,0.3778749810868289,0.0,0.6409335727109515
1333,4276264,10664,0.4959963709319367,0.0,0.6401826484018265
1334,4279280,10672,0.42745743599948555,0.0,0.6390134529147982
1335,4282040,10680,0.39593857806330623,0.0,0.6767441860465117
1336,4285376,10688,0.4368396861106592,0.0,0.6517690875232774
1337,4288200,10696,0.5018069918757534,0.0,0.6183368869936035
1338,4292304,10704,0.40063819044802035,0.0,0.6348936170212766
1339,4296216,10712,0.27868777457869875,0.0,0.6914414414414415
1340,4298592,10720,0.4237118798340472,0.0,0.6349206349206349
1341,4301800,10728,0.2998850203601161,0.0,0.6454545454545455
1342,4305520,10736,0.29298861507710194,0.0,0.6310679611650486
1343,4309176,10744,0.35449958108853524,0.0,0.6116838487972509
1344,4311936,10752,0.419873206364648,0.0,0.6600221483942414
1345,4314120,10760,0.46341383382201834,0.0,0.6457219251336899
1346,4317904,10768,0.337565741091106,0.0,0.6412213740458015
1347,4321624,10776,0.32795489155959917,0.0,0.6897918731417245
1348,4325024,10784,0.36367852936355277,0.0,0.6670258620689655
1349,4328360,10792,0.38048434708761353,0.0,0.622876557191393
1350,4331312,10800,0.36414064973416516,0.0,0.6276150627615062
1351,4335928,10808,0.30092869624277124,0.0,0.650887573964497
1352,4337408,10816,0.47361302708700864,0.0,0.6342857142857142
1353,4340872,10824,0.41397662607648295,0.0,0.6483091787439613
1354,4343632,10832,0.5141863832118756,0.0,0.6174920969441517
1355,4346392,10840,0.4182977263390907,0.0,0.6629464285714286
1356,4349344,10848,0.4294343107512003,0.0,0.6713426853707415
1357,4352744,10856,0.4674472502952012,0.0,0.648972602739726
1358,4355440,10864,0.39805751424882146,0.0,0.6599749058971142
1359,4358520,10872,0.4851958381866257,0.0,0.6447105788423154
1360,4360896,10880,0.5114487799920906,0.0,0.6498277841561424
1361,4363400,10888,0.3956786048175888,0.0,0.6458885941644562
1362,4367120,10896,0.48932352466684076,0.0,0.6125309150865622
1363,4369240,10904,0.4506583125380565,0.0,0.638680659670165
1364,4372000,10912,0.4758251311960701,0.0,0.6407061266874351
1365,4375592,10920,0.374924296530056,0.0,0.6514047866805411
1366,4379056,10928,0.41249890333098116,0.0,0.6849192100538599
1367,4381944,10936,0.48911189411843076,0.0,0.6275787187839305
1368,4384320,10944,0.40231650090736176,0.0,0.6818181818181818
1369,4387848,10952,0.4114281177151279,0.0,0.6205787781350482
1370,4390608,10960,0.3564089110647906,0.0,0.6228070175438597
1371,4393304,10968,0.38557156579715657,0.0,0.6368563685636857
1372,4396576,10976,0.45212518114570077,0.0,0.6669642857142857
1373,4400296,10984,0.3603426220436701,0.0,0.6467005076142132
1374,4404016,10992,0.4109197348966873,0.0,0.6310772163965681
1375,4406968,11000,0.44393562844288387,0.0,0.6876190476190476
1376,4410112,11008,0.47783922590437455,0.0,0.6669498725573492
1377,4413192,11016,0.3738953229976987,0.0,0.644361833952912
1378,4415696,11024,0.44588322944086556,0.0,0.6329588014981273
1379,4418584,11032,0.3867293193713373,0.0,0.6823793490460157
1380,4421472,11040,0.49377820983039794,0.0,0.6692844677137871
1381,4425128,11048,0.3544821734126302,0.0,0.6358695652173914
1382,4428272,11056,0.4042953351592222,0.0,0.6180159635119726
1383,4433592,11064,0.26590250106579194,0.0,0.6632270168855535
1384,4437760,11072,0.34945468041903366,0.0,0.6238244514106583
1385,4441480,11080,0.35365180014166714,0.0,0.6373276776246023
1386,4445008,11088,0.327429270066621,0.0,0.6206030150753769
1387,4448600,11096,0.42757596772672185,0.0,0.6601694915254237
1388,4451744,11104,0.38436176851345155,0.0,0.6743940990516333
1389,4454824,11112,0.4916585704526146,0.0,0.6524216524216524
1390,4458096,11120,0.40864536270226,0.0,0.6051401869158879
1391,4460856,11128,0.41266165755252104,0.0,0.662621359223301
1392,4463936,11136,0.3978301407522535,0.0,0.6601520086862106
1393,4468104,11144,0.3621735402672869,0.0,0.6415094339622641
1394,4470736,11152,0.4903445338385588,0.0,0.6414027149321267
1395,4473368,11160,0.4125079436855684,0.0,0.6534526854219949
1396,4476640,11168,0.5597785375832622,0.0,0.612590799031477
1397,4480808,11176,0.28499925368183476,0.0,0.6092384519350812
1398,4484208,11184,0.3344454137089133,0.0,0.6186770428015564
1399,4487544,11192,0.486995560286435,0.0,0.6280701754385964
1400,4490560,11200,0.4272308102002725,0.0,0.6903846153846154
1401,4494280,11208,0.359740176742091,0.0,0.6024636058230683
1402,4497744,11216,0.4086880652986995,0.0,0.6293558606124604
1403,4501144,11224,0.343448345824311,0.0,0.6781354051054383
1404,4504224,11232,0.35820825639152326,0.0,0.6536523929471033
1405,4507432,11240,0.32379087422700314,0.0,0.6827757125154895
1406,4510704,11248,0.48427680320502103,0.0,0.6189083820662769
1407,4514936,11256,0.3478773927403622,0.0,0.6573556797020484
1408,4519808,11264,0.23270818347009373,0.0,0.6744730679156908
1409,4524424,11272,0.3811660865630047,0.0,0.6490566037735849
1410,4528208,11280,0.3842901067218299,0.0,0.6402737047898338
1411,4531736,11288,0.42733062038200986,0.0,0.6232464929859719
1412,4537120,11296,0.23481938996145976,0.0,0.6388888888888888
1413,4541992,11304,0.3594140336992622,0.0,0.6428571428571429
1414,4545904,11312,0.5006928105454866,0.0,0.6213895394223263
1415,4549048,11320,0.4423729126140765,0.0,0.6710280373831776
1416,4551680,11328,0.3715685842005311,0.0,0.6504854368932039
1417,4555336,11336,0.3857953050906401,0.0,0.6085561497326203
1418,4559696,11344,0.43230969076017844,0.0,0.6234276729559748
1419,4561304,11352,0.47116056506525694,0.0,0.6754530477759473
1420,4564128,11360,0.4729194729897656,0.0,0.6251342642320086
1421,4567336,11368,0.395288925685311,0.0,0.6899151743638078
1422,4571184,11376,0.35656023343701154,0.0,0.6317427385892116
1423,4574584,11384,0.41901387134097745,0.0,0.6631171345595354
1424,4577728,11392,0.39666594908781744,0.0,0.6342541436464089
1425,4581192,11400,0.4685246792736298,0.0,0.6868607395751377
1426,4583952,11408,0.4532723549731086,0.0,0.6538871139510117
1427,4586584,11416,0.4042862282378674,0.0,0.6177715091678421
1428,4590304,11424,0.4092503555613969,0.0,0.6253658536585366
1429,4592872,11432,0.4164298988313426,0.0,0.6490566037735849
1430,4596528,11440,0.31417117695902436,0.0,0.6610925306577481
1431,4599928,11448,0.37366321172406913,0.0,0.6563467492260062
1432,4603008,11456,0.478621829803847,0.0,0.640625
1433,4606856,11464,0.31271005300460314,0.0,0.6037974683544304
1434,4610512,11472,0.35635332915209833,0.0,0.6699314397649363
1435,4613336,11480,0.41221780454613116,0.0,0.6860215053763441
1436,4616736,11488,0.456607629869396,0.0,0.6519823788546255
1437,4621096,11496,0.32023208977641554,0.0,0.6296680497925311
1438,4624048,11504,0.5123088368038856,0.0,0.6022155085599195
1439,4627640,11512,0.27356282999192677,0.0,0.625544267053701
1440,4630784,11520,0.4844791825231254,0.0,0.6285178236397748
1441,4633352,11528,0.5487130780796378,0.0,0.6371220020855057
1442,4635856,11536,0.44949922683008187,0.0,0.6311688311688312
1443,4638808,11544,0.4689371837129405,0.0,0.6059602649006622
1444,4644256,11552,0.23727745331601302,0.0,0.6510416666666666
1445,4647784,11560,0.3895750627462222,0.0,0.6819407008086253
1446,4650608,11568,0.3568760720531075,0.0,0.6426553672316384
1447,4653688,11576,0.38633990251671074,0.0,0.589974293059126
1448,4656768,11584,0.46866840465637954,0.0,0.6384615384615384
1449,4659592,11592,0.48869263280723235,0.0,0.6556169429097606
1450,4662288,11600,0.3741664561826206,0.0,0.6304023845007451
1451,4666072,11608,0.2987295688451411,0.0,0.6666666666666666
1452,4668832,11616,0.36650459809970454,0.0,0.6620947630922693
1453,4672296,11624,0.42663685356089165,0.0,0.6247524752475248
1454,4675120,11632,0.4012853019484215,0.0,0.6438188494492044
1455,4681976,11640,0.2641961622968882,0.0,0.6607142857142857
1456,4685504,11648,0.3626611635796735,0.0,0.6776119402985075
1457,4689608,11656,0.36724388898184024,0.0,0.6669565217391304
1458,4692944,11664,0.4382314286491109,0.0,0.6821305841924399
1459,4696152,11672,0.45814606068416014,0.0,0.6367006487488415
1460,4700320,11680,0.3566867364866595,0.0,0.6657824933687002
1461,4704424,11688,0.4025912173992304,0.0,0.6512992455993294
1462,4706288,11696,0.4653972616149124,0.0,0.625
1463,4708216,11704,0.4640326735567578,0.0,0.6738816738816739
1464,4711296,11712,0.4292719061288081,0.0,0.6593977154724818
1465,4714504,11720,0.3174824259940748,0.0,0.649584487534626
1466,4717392,11728,0.3663168599694508,0.0,0.6424870466321243
1467,4720984,11736,0.37166854344706046,0.0,0.659919028340081
1468,4726176,11744,0.3114659877115173,0.0,0.6509274873524452
1469,4730536,11752,0.3540240720212436,0.0,0.6530232558139535
1470,4733744,11760,0.4530522526725525,0.0,0.629145728643216
1471,4736568,11768,0.47283333890165463,0.0,0.632762312633833
1472,4739392,11776,0.3635948155318978,0.0,0.6492146596858639
1473,4743432,11784,0.3589207859102118,0.0,0.6500956022944551
1474,4746064,11792,0.4833927663875834,0.0,0.6195121951219512
1475,4753496,11800,0.23589103837246753,0.0,0.6277551020408163
1476,4756576,11808,0.3499599643495574,0.0,0.6185286103542235
1477,4760424,11816,0.3837574320230408,0.0,0.6696349065004452
1478,4763376,11824,0.4313568647251231,0.0,0.6637458926615553
1479,4764984,11832,0.5947092941944536,0.0,0.6823056300268097
1480,4768960,11840,0.4172051917160518,0.0,0.6437768240343348
1481,4772424,11848,0.355130923274671,0.0,0.6772486772486772
1482,4775440,11856,0.37818003864178723,0.0,0.6309067688378033
1483,4780184,11864,0.3516479337121753,0.0,0.6722756410256411
1484,4783392,11872,0.42298725384089136,0.0,0.6583969465648855
1485,4785064,11880,0.539293542302011,0.0,0.6377708978328174
1486,4788976,11888,0.29770663760044686,0.0,0.6444695259593679
1487,4792120,11896,0.37762109265750404,0.0,0.6089743589743589
1488,4795968,11904,0.3972647061069434,0.0,0.6210629921259843
1489,4798984,11912,0.4579913778894384,0.0,0.6544401544401545
1490,4801552,11920,0.501599037428641,0.0,0.6259977194982896
1491,4806040,11928,0.29480240918816575,0.0,0.6354941551540914
1492,4808992,11936,0.4295611381376189,0.0,0.6969990319457889
1493,4812136,11944,0.31309246277808384,0.0,0.6545454545454545
1494,4814896,11952,0.4047625432202848,0.0,0.6898454746136865
1495,4817464,11960,0.44192714803723465,0.0,0.6343949044585987
1496,4821120,11968,0.3961833634853254,0.0,0.5976267529665588
1497,4823368,11976,0.4966042351658413,0.0,0.6466165413533834
1498,4827280,11984,0.4257171465893188,0.0,0.65
1499,4829912,11992,0.5321604505568857,0.0,0.6045751633986928
1500,4833376,12000,0.4349089651203904,0.0,0.6564748201438849
1501,4836136,12008,0.4017800320122509,0.0,0.6407035175879398
1502,4839792,12016,0.3661793472717551,0.0,0.6423982869379015
1503,4845240,12024,0.26907618198356387,0.0,0.6587155963302752
1504,4847936,12032,0.4710074787808164,0.0,0.6227272727272727
1505,4851080,12040,0.4357192707089733,0.0,0.6644295302013423
1506,4854672,12048,0.4499815633833487,0.0,0.6569037656903766
1507,4857048,12056,0.4615992051043859,0.0,0.6182572614107884
1508,4859872,12064,0.40710397658809216,0.0,0.6334164588528678
1509,4863720,12072,0.41399968625905526,0.0,0.6216955332725616
1510,4868016,12080,0.4759224776793009,0.0,0.5868506493506493
1511,4871224,12088,0.480969587930217,0.0,0.621904761904762
1512,4875008,12096,0.4474623401839885,0.0,0.6624902114330462
1513,4877320,12104,0.45218931059775397,0.0,0.6360052562417872
1514,4881232,12112,0.3225089933723521,0.0,0.67570385818561
1515,4883480,12120,0.48498855872963936,0.0,0.6362467866323908
1516,4886368,12128,0.3217861386989478,0.0,0.6865869853917662
1517,4890728,12136,0.2435748684146319,0.0,0.6828992072480181
1518,4894256,12144,0.3726525276145113,0.0,0.6438213914849429
1519,4897848,12152,0.4329876309825945,0.0,0.6644067796610169
1520,4901568,12160,0.304564846133551,0.0,0.6442786069651741
1521,4906056,12168,0.35975588070964765,0.0,0.5845845845845846
1522,4908944,12176,0.47972532057314476,0.0,0.5726190476190476
1523,4912088,12184,0.352480032007725,0.0,0.6450381679389313
1524,4914848,12192,0.42694289821020925,0.0,0.6856223175965666
1525,4917736,12200,0.4388884173632542,0.0,0.6272727272727273
1526,4920880,12208,0.42268694544507773,0.0,0.6293929712460063
1527,4923704,12216,0.5150641629594487,0.0,0.6285140562248996
1528,4927040,12224,0.3039162110658959,0.0,0.6534391534391535
1529,4929800,12232,0.43655688762937306,0.0,0.6543778801843319
1530,4932432,12240,0.36472777209737844,0.0,0.6734143049932524
1531,4935512,12248,0.4409383226529801,0.0,0.6548940464177598
1532,4940448,12256,0.2610030631733223,0.0,0.6577540106951871
1533,4943784,12264,0.33866331072269684,0.0,0.6235138705416117
1534,4946800,12272,0.4291764692328265,0.0,0.6252847380410023
1535,4948984,12280,0.39229397608929295,0.0,0.6682242990654206
1536,4951552,12288,0.40346413321941477,0.0,0.6448362720403022
1537,4954440,12296,0.45204068302745337,0.0,0.648619957537155
1538,4957392,12304,0.47360023001784507,0.0,0.6409001956947162
1539,4960536,12312,0.3274817046598389,0.0,0.6733167082294265
1540,4963168,12320,0.3958254785441756,0.0,0.6662371134020618
1541,4966376,12328,0.5050956597559451,0.0,0.6232758620689656
1542,4969392,12336,0.41850969535078913,0.0,0.6197183098591549
1543,4972024,12344,0.47234493635361613,0.0,0.6308040770101925
1544,4974976,12352,0.4498343128858681,0.0,0.6622390891840607
1545,4976968,12360,0.5291009329309416,0.0,0.6507731958762887
1546,4980944,12368,0.29720512927426385,0.0,0.7016683022571149
1547,4982680,12376,0.4625769561800747,0.0,0.7136690647482015
1548,4985824,12384,0.4242858302503651,0.0,0.640171858216971
1549,4987944,12392,0.4715904589007129,0.0,0.6462395543175488
1550,4991472,12400,0.39282484883814567,0.0,0.6528758829465187
1551,4995064,12408,0.42637057387195243,0.0,0.6692047377326565
1552,4998912,12416,0.38525540854432566,0.0,0.6445837063563116
1553,5002696,12424,0.36487888128849033,0.0,0.639795918367347
1554,5004880,12432,0.4565975511509906,0.0,0.6206896551724138
1555,5007768,12440,0.3432488327029157,0.0,0.6888331242158093
1556,5010528,12448,0.3804530094855961,0.0,0.6848484848484848
1557,5012840,12456,0.5508162509120784,0.0,0.6517357222844344
1558,5015344,12464,0.3691713696333934,0.0,0.6604850213980028
1559,5018104,12472,0.47055914457386294,0.0,0.6770428015564203
1560,5021952,12480,0.2707874752066258,0.0,0.6831797235023042
1561,5025800,12488,0.41921642981139784,0.0,0.6505706760316067
1562,5028176,12496,0.4074492272633936,0.0,0.6601815823605707
1563,5033752,12504,0.30960698006175436,0.0,0.6800584368151936
1564,5036768,12512,0.4660707506487097,0.0,0.6153005464480874
1565,5039976,12520,0.3776291868384129,0.0,0.6579234972677596
1566,5043632,12528,0.318060650873359,0.0,0.6475225225225225
1567,5046584,12536,0.44262253311559724,0.0,0.6492146596858639
1568,5049664,12544,0.4204916640558749,0.0,0.6225165562913907
1569,5052680,12552,0.39499625365411256,0.0,0.6823899371069182
1570,5055696,12560,0.47471353057950166,0.0,0.6642468239564429
1571,5058328,12568,0.4110006436136026,0.0,0.6298619824341279
1572,5060640,12576,0.5031604488346854,0.0,0.5496987951807228
1573,5064360,12584,0.4323572482316328,0.0,0.6564364876385337
1574,5069168,12592,0.28151850676936324,0.0,0.680952380952381
1575,5073080,12600,0.32043429636808707,0.0,0.634032634032634
1576,5076416,12608,0.306058807884687,0.0,0.6796116504854369
1577,5078664,12616,0.40864931090797674,0.0,0.6088379705400983
1578,5082512,12624,0.40160251792042706,0.0,0.65625
1579,5085976,12632,0.45252401046071666,0.0,0.6411657559198543
1580,5090400,12640,0.4238086873045616,0.0,0.6179129005751849
1581,5093288,12648,0.39756410638360157,0.0,0.6524390243902439
1582,5096624,12656,0.3881657969360352,0.0,0.6357758620689655
1583,5099128,12664,0.44024248757694223,0.0,0.6525
1584,5101568,12672,0.44073057248900516,0.0,0.6384615384615384
1585,5104136,12680,0.6263835419195575,0.0,0.6423728813559322
1586,5106640,12688,0.412219904441056,0.0,0.6521145975443383
1587,5109592,12696,0.334494827253698,0.0,0.6830188679245283
1588,5113056,12704,0.39846441473431615,0.0,0.6188389923329682
1589,5116200,12712,0.4463898357220253,0.0,0.6756007393715342
1590,5119920,12720,0.32078748118446826,0.0,0.6705508474576272
1591,5123576,12728,0.28840956069609586,0.0,0.680672268907563
1592,5126720,12736,0.4290877574964862,0.0,0.680373831775701
1593,5130568,12744,0.3780780826279693,0.0,0.5997865528281751
1594,5134096,12752,0.38519741528938506,0.0,0.629822732012513
1595,5137432,12760,0.3822804331917198,0.0,0.6533613445378151
1596,5141408,12768,0.3672012416275625,0.0,0.5869074492099323
1597,5144232,12776,0.3964386471139994,0.0,0.6446886446886447
1598,5147376,12784,0.4269456237177118,0.0,0.6944206008583691
1599,5151544,12792,0.33109943238419925,0.0,0.676663542642924
1600,5154176,12800,0.5637138033945915,0.0,0.6646288209606986
1601,5157192,12808,0.5245956072446903,0.0,0.6577123050259965

